,acousticness,analysis_url,danceability,duration_ms,energy,id,instrumentalness,key,liveness,loudness,mode,speechiness,tempo,time_signature,track_href,type,uri,valence
0,7.38e-05,https://api.spotify.com/v1/audio-analysis/6CV4BNCI8xjHeYDR8eEriP,0.284,93507,0.822,6CV4BNCI8xjHeYDR8eEriP,1.03e-06,2,0.496,-8.593,1,0.0448,126.46,4,https://api.spotify.com/v1/tracks/6CV4BNCI8xjHeYDR8eEriP,audio_features,spotify:track:6CV4BNCI8xjHeYDR8eEriP,0.609
1,0.00769,https://api.spotify.com/v1/audio-analysis/6lynokJ0Ilm55qB4FdVeG7,0.194,192053,0.884,6lynokJ0Ilm55qB4FdVeG7,1.7e-05,9,0.845,-8.205,1,0.0632,175.62,4,https://api.spotify.com/v1/tracks/6lynokJ0Ilm55qB4FdVeG7,audio_features,spotify:track:6lynokJ0Ilm55qB4FdVeG7,0.593
2,0.0149,https://api.spotify.com/v1/audio-analysis/510F0QzxgNnfAVcCrYG2cv,0.422,219733,0.876,510F0QzxgNnfAVcCrYG2cv,5.97e-05,11,0.528,-6.81,0,0.0474,129.718,4,https://api.spotify.com/v1/tracks/510F0QzxgNnfAVcCrYG2cv,audio_features,spotify:track:510F0QzxgNnfAVcCrYG2cv,0.716
3,0.00313,https://api.spotify.com/v1/audio-analysis/2FP07Rr3ZwFmJZXsaj7hjE,0.398,146240,0.776,2FP07Rr3ZwFmJZXsaj7hjE,0.0,9,0.428,-7.998,1,0.0391,121.012,4,https://api.spotify.com/v1/tracks/2FP07Rr3ZwFmJZXsaj7hjE,audio_features,spotify:track:2FP07Rr3ZwFmJZXsaj7hjE,0.347
4,0.00701,https://api.spotify.com/v1/audio-analysis/0WYxVnp9K6RETCRZbtlGHh,0.208,134867,0.849,0WYxVnp9K6RETCRZbtlGHh,0.0,5,0.896,-7.594,1,0.0596,174.728,4,https://api.spotify.com/v1/tracks/0WYxVnp9K6RETCRZbtlGHh,audio_features,spotify:track:0WYxVnp9K6RETCRZbtlGHh,0.61
5,0.0594,https://api.spotify.com/v1/audio-analysis/4hlVL09xDgvkoVSIu2zQwD,0.285,138733,0.622,4hlVL09xDgvkoVSIu2zQwD,0.0,5,0.639,-8.355,1,0.0425,71.79,4,https://api.spotify.com/v1/tracks/4hlVL09xDgvkoVSIu2zQwD,audio_features,spotify:track:4hlVL09xDgvkoVSIu2zQwD,0.398
6,0.00238,https://api.spotify.com/v1/audio-analysis/3QiwPPktTczwleIy9jUMpS,0.202,134013,0.816,3QiwPPktTczwleIy9jUMpS,0.0,2,0.567,-7.951,1,0.0408,179.604,3,https://api.spotify.com/v1/tracks/3QiwPPktTczwleIy9jUMpS,audio_features,spotify:track:3QiwPPktTczwleIy9jUMpS,0.681
7,0.03,https://api.spotify.com/v1/audio-analysis/1dxwZJNoDbXn7zfKR2g1S5,0.359,128747,0.941,1dxwZJNoDbXn7zfKR2g1S5,0.000336,9,0.848,-6.125,1,0.114,106.841,3,https://api.spotify.com/v1/tracks/1dxwZJNoDbXn7zfKR2g1S5,audio_features,spotify:track:1dxwZJNoDbXn7zfKR2g1S5,0.626
8,0.0436,https://api.spotify.com/v1/audio-analysis/0P0Jm9mZi11ETImhECDhpq,0.271,193760,0.876,0P0Jm9mZi11ETImhECDhpq,5.98e-06,0,0.921,-7.327,1,0.0547,134.309,4,https://api.spotify.com/v1/tracks/0P0Jm9mZi11ETImhECDhpq,audio_features,spotify:track:0P0Jm9mZi11ETImhECDhpq,0.625
9,0.024,https://api.spotify.com/v1/audio-analysis/55jAHaYaZtUImilMnroSna,0.425,172600,0.776,55jAHaYaZtUImilMnroSna,0.0,11,0.821,-7.148,0,0.0476,95.657,4,https://api.spotify.com/v1/tracks/55jAHaYaZtUImilMnroSna,audio_features,spotify:track:55jAHaYaZtUImilMnroSna,0.482
10,0.0255,https://api.spotify.com/v1/audio-analysis/7j021TxcicWprdXpCcMBeH,0.214,135253,0.667,7j021TxcicWprdXpCcMBeH,0.0,1,0.914,-8.017,0,0.0358,169.29,5,https://api.spotify.com/v1/tracks/7j021TxcicWprdXpCcMBeH,audio_features,spotify:track:7j021TxcicWprdXpCcMBeH,0.691
11,0.183,https://api.spotify.com/v1/audio-analysis/0GUp9QOezipeh6BOV1kguV,0.217,191000,0.871,0GUp9QOezipeh6BOV1kguV,0.0,7,0.654,-8.422,1,0.126,74.486,4,https://api.spotify.com/v1/tracks/0GUp9QOezipeh6BOV1kguV,audio_features,spotify:track:0GUp9QOezipeh6BOV1kguV,0.543
12,0.0373,https://api.spotify.com/v1/audio-analysis/3gluwLob4WQKYDPDKi09Ql,0.377,124653,0.915,3gluwLob4WQKYDPDKi09Ql,0.0,9,0.681,-5.945,0,0.0517,90.833,4,https://api.spotify.com/v1/tracks/3gluwLob4WQKYDPDKi09Ql,audio_features,spotify:track:3gluwLob4WQKYDPDKi09Ql,0.652
13,0.00231,https://api.spotify.com/v1/audio-analysis/4Dw9HFzXqmdJRM8vfc1FId,0.313,154427,0.723,4Dw9HFzXqmdJRM8vfc1FId,0.0,0,0.817,-8.342,1,0.0381,67.295,4,https://api.spotify.com/v1/tracks/4Dw9HFzXqmdJRM8vfc1FId,audio_features,spotify:track:4Dw9HFzXqmdJRM8vfc1FId,0.65
14,0.0173,https://api.spotify.com/v1/audio-analysis/6ek0XTffa5eUTkwamO0q5B,0.224,149267,0.819,6ek0XTffa5eUTkwamO0q5B,0.0,7,0.946,-8.354,1,0.0667,140.995,4,https://api.spotify.com/v1/tracks/6ek0XTffa5eUTkwamO0q5B,audio_features,spotify:track:6ek0XTffa5eUTkwamO0q5B,0.525
15,0.0391,https://api.spotify.com/v1/audio-analysis/1WoLOPeSqaijOuhi9Wm7V1,0.203,141427,0.885,1WoLOPeSqaijOuhi9Wm7V1,1.04e-06,9,0.485,-5.911,1,0.051,176.406,4,https://api.spotify.com/v1/tracks/1WoLOPeSqaijOuhi9Wm7V1,audio_features,spotify:track:1WoLOPeSqaijOuhi9Wm7V1,0.611
16,0.0148,https://api.spotify.com/v1/audio-analysis/5tc3aFZhTcW46vRIk23T6e,0.191,164653,0.797,5tc3aFZhTcW46vRIk23T6e,0.0,9,0.924,-7.91,1,0.0638,184.144,3,https://api.spotify.com/v1/tracks/5tc3aFZhTcW46vRIk23T6e,audio_features,spotify:track:5tc3aFZhTcW46vRIk23T6e,0.606
0,0.404,https://api.spotify.com/v1/audio-analysis/4aX3n1Pn6jiCbvqBL8eqyP,0.524,140173,0.88,4aX3n1Pn6jiCbvqBL8eqyP,0.000191,0,0.154,-3.865,1,0.0987,148.058,4,https://api.spotify.com/v1/tracks/4aX3n1Pn6jiCbvqBL8eqyP,audio_features,spotify:track:4aX3n1Pn6jiCbvqBL8eqyP,0.758
1,0.507,https://api.spotify.com/v1/audio-analysis/1euKWJfJSfPhgSendPrcXb,0.581,116160,0.821,1euKWJfJSfPhgSendPrcXb,0.0,0,0.108,-4.387,1,0.0318,136.145,4,https://api.spotify.com/v1/tracks/1euKWJfJSfPhgSendPrcXb,audio_features,spotify:track:1euKWJfJSfPhgSendPrcXb,0.968
2,0.26,https://api.spotify.com/v1/audio-analysis/6nEkxYIEnrbYH7h1hJ8Xn6,0.377,140920,0.916,6nEkxYIEnrbYH7h1hJ8Xn6,0.0,4,0.074,-3.199,0,0.0481,75.533,4,https://api.spotify.com/v1/tracks/6nEkxYIEnrbYH7h1hJ8Xn6,audio_features,spotify:track:6nEkxYIEnrbYH7h1hJ8Xn6,0.912
3,0.386,https://api.spotify.com/v1/audio-analysis/4pbG9SUmWIvsROVLF0zF9s,0.49,145747,0.715,4pbG9SUmWIvsROVLF0zF9s,0.0,7,0.311,-5.549,1,0.0476,130.726,4,https://api.spotify.com/v1/tracks/4pbG9SUmWIvsROVLF0zF9s,audio_features,spotify:track:4pbG9SUmWIvsROVLF0zF9s,0.866
4,0.118,https://api.spotify.com/v1/audio-analysis/38Vb1J5W5LOs0i7SAF76pa,0.426,131213,0.76,38Vb1J5W5LOs0i7SAF76pa,0.0,0,0.325,-4.082,1,0.0414,171.838,4,https://api.spotify.com/v1/tracks/38Vb1J5W5LOs0i7SAF76pa,audio_features,spotify:track:38Vb1J5W5LOs0i7SAF76pa,0.955
5,0.0487,https://api.spotify.com/v1/audio-analysis/1pctwlBtIcKIjQMzsVcGHB,0.546,152920,0.818,1pctwlBtIcKIjQMzsVcGHB,0.0,0,0.0983,-4.89,1,0.031,138.561,4,https://api.spotify.com/v1/tracks/1pctwlBtIcKIjQMzsVcGHB,audio_features,spotify:track:1pctwlBtIcKIjQMzsVcGHB,0.756
6,0.0904,https://api.spotify.com/v1/audio-analysis/5hhF25sWnZvXhimOHLjTRE,0.564,139347,0.827,5hhF25sWnZvXhimOHLjTRE,3.73e-06,7,0.127,-7.089,1,0.0283,89.847,4,https://api.spotify.com/v1/tracks/5hhF25sWnZvXhimOHLjTRE,audio_features,spotify:track:5hhF25sWnZvXhimOHLjTRE,0.912
7,0.265,https://api.spotify.com/v1/audio-analysis/5ylLypaOksxWd75YrGtx2N,0.636,163320,0.677,5ylLypaOksxWd75YrGtx2N,0.0,9,0.215,-5.605,1,0.0316,138.707,4,https://api.spotify.com/v1/tracks/5ylLypaOksxWd75YrGtx2N,audio_features,spotify:track:5ylLypaOksxWd75YrGtx2N,0.837
8,0.0638,https://api.spotify.com/v1/audio-analysis/7nhrlsT1P4qsslp28UA1BI,0.554,190120,0.904,7nhrlsT1P4qsslp28UA1BI,0.0,4,0.259,-6.319,0,0.0536,123.443,4,https://api.spotify.com/v1/tracks/7nhrlsT1P4qsslp28UA1BI,audio_features,spotify:track:7nhrlsT1P4qsslp28UA1BI,0.801
9,0.149,https://api.spotify.com/v1/audio-analysis/3Smida2eCUsLzDcmZqXEZ3,0.602,139240,0.736,3Smida2eCUsLzDcmZqXEZ3,0.0,11,0.0776,-6.51,0,0.0332,94.931,4,https://api.spotify.com/v1/tracks/3Smida2eCUsLzDcmZqXEZ3,audio_features,spotify:track:3Smida2eCUsLzDcmZqXEZ3,0.819
10,0.871,https://api.spotify.com/v1/audio-analysis/4E5rL7YL0hVUPqeMSpjEF2,0.401,125320,0.189,4E5rL7YL0hVUPqeMSpjEF2,0.0,0,0.0968,-11.189,1,0.0287,94.509,4,https://api.spotify.com/v1/tracks/4E5rL7YL0hVUPqeMSpjEF2,audio_features,spotify:track:4E5rL7YL0hVUPqeMSpjEF2,0.357
11,0.12,https://api.spotify.com/v1/audio-analysis/29b2b96jozyD9GPCkOrVLs,0.665,169000,0.782,29b2b96jozyD9GPCkOrVLs,4.19e-06,6,0.125,-8.438,0,0.0307,137.453,4,https://api.spotify.com/v1/tracks/29b2b96jozyD9GPCkOrVLs,audio_features,spotify:track:29b2b96jozyD9GPCkOrVLs,0.731
12,0.0635,https://api.spotify.com/v1/audio-analysis/1hTUFqJuQAMjXVGwUPWDqi,0.378,135693,0.677,1hTUFqJuQAMjXVGwUPWDqi,0.0,2,0.183,-8.63,1,0.0298,106.071,4,https://api.spotify.com/v1/tracks/1hTUFqJuQAMjXVGwUPWDqi,audio_features,spotify:track:1hTUFqJuQAMjXVGwUPWDqi,0.648
13,0.147,https://api.spotify.com/v1/audio-analysis/0Ui8KPWZbJJQ2Y0CIQuVqX,0.472,138200,0.856,0Ui8KPWZbJJQ2Y0CIQuVqX,2.78e-06,7,0.595,-6.03,1,0.0562,78.696,4,https://api.spotify.com/v1/tracks/0Ui8KPWZbJJQ2Y0CIQuVqX,audio_features,spotify:track:0Ui8KPWZbJJQ2Y0CIQuVqX,0.841
14,0.158,https://api.spotify.com/v1/audio-analysis/7zRmGvtSy36Jr19U5OInJT,0.66,158800,0.557,7zRmGvtSy36Jr19U5OInJT,0.0,1,0.543,-9.597,1,0.03,110.743,4,https://api.spotify.com/v1/tracks/7zRmGvtSy36Jr19U5OInJT,audio_features,spotify:track:7zRmGvtSy36Jr19U5OInJT,0.788
15,0.916,https://api.spotify.com/v1/audio-analysis/0Wv8IXRUDZOfmFJHC1VOFI,0.605,125867,0.314,0Wv8IXRUDZOfmFJHC1VOFI,0.0,0,0.359,-7.631,1,0.0327,138.148,4,https://api.spotify.com/v1/tracks/0Wv8IXRUDZOfmFJHC1VOFI,audio_features,spotify:track:0Wv8IXRUDZOfmFJHC1VOFI,0.836
16,0.0964,https://api.spotify.com/v1/audio-analysis/7afyyi8zn4FzWbcJ70F56V,0.679,180520,0.592,7afyyi8zn4FzWbcJ70F56V,0.0138,9,0.16,-5.963,1,0.0402,113.265,4,https://api.spotify.com/v1/tracks/7afyyi8zn4FzWbcJ70F56V,audio_features,spotify:track:7afyyi8zn4FzWbcJ70F56V,0.55
17,0.437,https://api.spotify.com/v1/audio-analysis/6KqiVlOLfDzJViJVAPym1p,0.397,227760,0.625,6KqiVlOLfDzJViJVAPym1p,5.47e-06,7,0.263,-5.829,1,0.0347,104.54,4,https://api.spotify.com/v1/tracks/6KqiVlOLfDzJViJVAPym1p,audio_features,spotify:track:6KqiVlOLfDzJViJVAPym1p,0.676
18,0.402,https://api.spotify.com/v1/audio-analysis/0hqjsgWRfMBf2s8xsvRq1M,0.498,207787,0.806,0hqjsgWRfMBf2s8xsvRq1M,5.74e-06,0,0.525,-5.284,1,0.0265,99.396,4,https://api.spotify.com/v1/tracks/0hqjsgWRfMBf2s8xsvRq1M,audio_features,spotify:track:0hqjsgWRfMBf2s8xsvRq1M,0.664
19,0.141,https://api.spotify.com/v1/audio-analysis/1raiIrqaqRAqZmQWZlLuBd,0.65,136827,0.777,1raiIrqaqRAqZmQWZlLuBd,0.343,2,0.215,-4.984,1,0.0294,109.608,4,https://api.spotify.com/v1/tracks/1raiIrqaqRAqZmQWZlLuBd,audio_features,spotify:track:1raiIrqaqRAqZmQWZlLuBd,0.574
20,0.0112,https://api.spotify.com/v1/audio-analysis/0aym2LBJBk9DAYuHHutrIl,0.386,425653,0.607,0aym2LBJBk9DAYuHHutrIl,1.38e-05,10,0.088,-7.7,1,0.0261,147.207,4,https://api.spotify.com/v1/tracks/0aym2LBJBk9DAYuHHutrIl,audio_features,spotify:track:0aym2LBJBk9DAYuHHutrIl,0.532
21,0.186,https://api.spotify.com/v1/audio-analysis/6zmQ8bzlDIfngjy0Ba3w46,0.703,191773,0.636,6zmQ8bzlDIfngjy0Ba3w46,0.0256,7,0.0959,-7.579,1,0.0376,122.921,4,https://api.spotify.com/v1/tracks/6zmQ8bzlDIfngjy0Ba3w46,audio_features,spotify:track:6zmQ8bzlDIfngjy0Ba3w46,0.218
22,0.00465,https://api.spotify.com/v1/audio-analysis/1F7s27lLKshLPt9TPCgMDL,0.651,179480,0.892,1F7s27lLKshLPt9TPCgMDL,2.85e-06,4,0.127,-6.551,1,0.0313,135.309,4,https://api.spotify.com/v1/tracks/1F7s27lLKshLPt9TPCgMDL,audio_features,spotify:track:1F7s27lLKshLPt9TPCgMDL,0.962
23,0.302,https://api.spotify.com/v1/audio-analysis/7mzNk14FElnA5DOKQyBrM0,0.449,181413,0.375,7mzNk14FElnA5DOKQyBrM0,2.41e-06,0,0.144,-9.329,1,0.0286,133.845,4,https://api.spotify.com/v1/tracks/7mzNk14FElnA5DOKQyBrM0,audio_features,spotify:track:7mzNk14FElnA5DOKQyBrM0,0.466
24,0.0601,https://api.spotify.com/v1/audio-analysis/3CEFDHJSiERlfwRujZ1CkJ,0.559,258693,0.343,3CEFDHJSiERlfwRujZ1CkJ,0.138,9,0.1,-13.072,0,0.0424,164.53,4,https://api.spotify.com/v1/tracks/3CEFDHJSiERlfwRujZ1CkJ,audio_features,spotify:track:3CEFDHJSiERlfwRujZ1CkJ,0.183
25,0.58,https://api.spotify.com/v1/audio-analysis/4qsVPnhbvEooD1bSNqvvh0,0.445,230440,0.436,4qsVPnhbvEooD1bSNqvvh0,2.63e-05,0,0.112,-8.536,1,0.0332,139.848,4,https://api.spotify.com/v1/tracks/4qsVPnhbvEooD1bSNqvvh0,audio_features,spotify:track:4qsVPnhbvEooD1bSNqvvh0,0.483
26,0.667,https://api.spotify.com/v1/audio-analysis/5xhP99gVBIkpr7omcdCeiy,0.326,219440,0.365,5xhP99gVBIkpr7omcdCeiy,0.000523,3,0.0718,-8.776,1,0.0265,133.084,4,https://api.spotify.com/v1/tracks/5xhP99gVBIkpr7omcdCeiy,audio_features,spotify:track:5xhP99gVBIkpr7omcdCeiy,0.314
0,0.0974,https://api.spotify.com/v1/audio-analysis/0CaBBQsaAiRHhiLmzi7ZRp,0.726,216813,0.702,0CaBBQsaAiRHhiLmzi7ZRp,3.46e-05,7,0.239,-10.757,1,0.032,109.114,4,https://api.spotify.com/v1/tracks/0CaBBQsaAiRHhiLmzi7ZRp,audio_features,spotify:track:0CaBBQsaAiRHhiLmzi7ZRp,0.931
1,0.472,https://api.spotify.com/v1/audio-analysis/4OUmlC67FoPLvQNuE5C7kF,0.538,235000,0.478,4OUmlC67FoPLvQNuE5C7kF,0.0,11,0.17,-8.957,0,0.0388,59.004,4,https://api.spotify.com/v1/tracks/4OUmlC67FoPLvQNuE5C7kF,audio_features,spotify:track:4OUmlC67FoPLvQNuE5C7kF,0.527
2,0.361,https://api.spotify.com/v1/audio-analysis/4dkoqJrP0L8FXftrMZongF,0.257,228133,0.412,4dkoqJrP0L8FXftrMZongF,8.68e-05,1,0.0702,-11.788,1,0.0287,152.126,4,https://api.spotify.com/v1/tracks/4dkoqJrP0L8FXftrMZongF,audio_features,spotify:track:4dkoqJrP0L8FXftrMZongF,0.858
3,0.179,https://api.spotify.com/v1/audio-analysis/2BMqay80iBzZTa608Y1eG1,0.291,145587,0.638,2BMqay80iBzZTa608Y1eG1,0.0,9,0.101,-7.854,0,0.0554,185.235,3,https://api.spotify.com/v1/tracks/2BMqay80iBzZTa608Y1eG1,audio_features,spotify:track:2BMqay80iBzZTa608Y1eG1,0.525
4,0.659,https://api.spotify.com/v1/audio-analysis/0eRyOunOVBChlXxIvqwOxH,0.54,50467,0.489,0eRyOunOVBChlXxIvqwOxH,0.0019,5,0.457,-12.276,1,0.117,157.03,3,https://api.spotify.com/v1/tracks/0eRyOunOVBChlXxIvqwOxH,audio_features,spotify:track:0eRyOunOVBChlXxIvqwOxH,0.67
5,0.631,https://api.spotify.com/v1/audio-analysis/7iN1s7xHE4ifF5povM6A48,0.443,243027,0.403,7iN1s7xHE4ifF5povM6A48,0.0,0,0.111,-8.339,1,0.0322,143.462,4,https://api.spotify.com/v1/tracks/7iN1s7xHE4ifF5povM6A48,audio_features,spotify:track:7iN1s7xHE4ifF5povM6A48,0.41
6,0.379,https://api.spotify.com/v1/audio-analysis/2VsX1BoWSGiuVXGiFSUr6h,0.516,40040,0.515,2VsX1BoWSGiuVXGiFSUr6h,0.0,2,0.103,-12.035,0,0.215,169.039,4,https://api.spotify.com/v1/tracks/2VsX1BoWSGiuVXGiFSUr6h,audio_features,spotify:track:2VsX1BoWSGiuVXGiFSUr6h,0.524
7,0.0715,https://api.spotify.com/v1/audio-analysis/3gwRWIbr5ycEVLIAXrWaw7,0.44,217560,0.609,3gwRWIbr5ycEVLIAXrWaw7,0.0,2,0.582,-8.824,1,0.0358,165.156,4,https://api.spotify.com/v1/tracks/3gwRWIbr5ycEVLIAXrWaw7,audio_features,spotify:track:3gwRWIbr5ycEVLIAXrWaw7,0.364
8,0.0307,https://api.spotify.com/v1/audio-analysis/50qHmeex1nPTyQTwBXjSE4,0.554,173960,0.828,50qHmeex1nPTyQTwBXjSE4,0.0,4,0.907,-6.435,1,0.0739,90.95,4,https://api.spotify.com/v1/tracks/50qHmeex1nPTyQTwBXjSE4,audio_features,spotify:track:50qHmeex1nPTyQTwBXjSE4,0.888
9,0.756,https://api.spotify.com/v1/audio-analysis/3mlMpmY8oZIBFc39D9zLbh,0.299,218187,0.329,3mlMpmY8oZIBFc39D9zLbh,0.0105,3,0.0559,-10.096,1,0.0279,132.282,4,https://api.spotify.com/v1/tracks/3mlMpmY8oZIBFc39D9zLbh,audio_features,spotify:track:3mlMpmY8oZIBFc39D9zLbh,0.392
10,0.24,https://api.spotify.com/v1/audio-analysis/5dpRJkvY8oWMQmQbEQTXhO,0.88,152213,0.556,5dpRJkvY8oWMQmQbEQTXhO,0.0483,2,0.24,-10.773,1,0.0855,128.542,4,https://api.spotify.com/v1/tracks/5dpRJkvY8oWMQmQbEQTXhO,audio_features,spotify:track:5dpRJkvY8oWMQmQbEQTXhO,0.955
11,0.492,https://api.spotify.com/v1/audio-analysis/4MLBqAEzNN89o2M9h92Z26,0.761,189387,0.592,4MLBqAEzNN89o2M9h92Z26,0.00626,2,0.61,-9.836,1,0.0586,123.095,4,https://api.spotify.com/v1/tracks/4MLBqAEzNN89o2M9h92Z26,audio_features,spotify:track:4MLBqAEzNN89o2M9h92Z26,0.332
0,0.0302,https://api.spotify.com/v1/audio-analysis/2EqlS6tkEnglzr7tkKAAYD,0.533,259947,0.376,2EqlS6tkEnglzr7tkKAAYD,0.248,9,0.0926,-11.913,0,0.0393,165.007,4,https://api.spotify.com/v1/tracks/2EqlS6tkEnglzr7tkKAAYD,audio_features,spotify:track:2EqlS6tkEnglzr7tkKAAYD,0.187
1,0.198,https://api.spotify.com/v1/audio-analysis/0pNeVovbiZHkulpGeOx1Gj,0.396,182293,0.338,0pNeVovbiZHkulpGeOx1Gj,2.62e-06,0,0.138,-10.872,1,0.0304,133.522,4,https://api.spotify.com/v1/tracks/0pNeVovbiZHkulpGeOx1Gj,audio_features,spotify:track:0pNeVovbiZHkulpGeOx1Gj,0.377
2,0.629,https://api.spotify.com/v1/audio-analysis/2S8xyNRJX1XQdo3qnTuovI,0.764,207920,0.426,2S8xyNRJX1XQdo3qnTuovI,0.000119,2,0.132,-11.045,1,0.0405,131.12,4,https://api.spotify.com/v1/tracks/2S8xyNRJX1XQdo3qnTuovI,audio_features,spotify:track:2S8xyNRJX1XQdo3qnTuovI,0.726
3,0.0126,https://api.spotify.com/v1/audio-analysis/2mxByJWOajjiVsLWjNXvDJ,0.422,207240,0.656,2mxByJWOajjiVsLWjNXvDJ,0.0279,4,0.268,-8.412,1,0.0397,173.93,3,https://api.spotify.com/v1/tracks/2mxByJWOajjiVsLWjNXvDJ,audio_features,spotify:track:2mxByJWOajjiVsLWjNXvDJ,0.549
4,0.155,https://api.spotify.com/v1/audio-analysis/0suLngfo7rJoetk7Ub6N8l,0.626,170720,0.512,0suLngfo7rJoetk7Ub6N8l,4.65e-05,1,0.215,-9.15,0,0.0247,92.225,4,https://api.spotify.com/v1/tracks/0suLngfo7rJoetk7Ub6N8l,audio_features,spotify:track:0suLngfo7rJoetk7Ub6N8l,0.73
5,0.0233,https://api.spotify.com/v1/audio-analysis/3Z25k4ZF6QENy2d9YatsM5,0.37,467320,0.515,3Z25k4ZF6QENy2d9YatsM5,0.205,2,0.0966,-9.487,0,0.0321,115.732,4,https://api.spotify.com/v1/tracks/3Z25k4ZF6QENy2d9YatsM5,audio_features,spotify:track:3Z25k4ZF6QENy2d9YatsM5,0.42
6,0.0339,https://api.spotify.com/v1/audio-analysis/6dGnYIeXmHdcikdzNNDMm2,0.557,185733,0.54,6dGnYIeXmHdcikdzNNDMm2,0.00248,9,0.179,-10.484,1,0.0347,129.171,4,https://api.spotify.com/v1/tracks/6dGnYIeXmHdcikdzNNDMm2,audio_features,spotify:track:6dGnYIeXmHdcikdzNNDMm2,0.394
7,0.754,https://api.spotify.com/v1/audio-analysis/1rxoyGj1QuPoVi8fOft1Kt,0.328,165667,0.249,1rxoyGj1QuPoVi8fOft1Kt,5.77e-06,2,0.134,-11.777,1,0.0272,81.257,4,https://api.spotify.com/v1/tracks/1rxoyGj1QuPoVi8fOft1Kt,audio_features,spotify:track:1rxoyGj1QuPoVi8fOft1Kt,0.162
8,0.345,https://api.spotify.com/v1/audio-analysis/1jOLTO379yIu9aMnCkpMQl,0.335,242973,0.416,1jOLTO379yIu9aMnCkpMQl,0.136,0,0.116,-11.051,1,0.0348,174.464,3,https://api.spotify.com/v1/tracks/1jOLTO379yIu9aMnCkpMQl,audio_features,spotify:track:1jOLTO379yIu9aMnCkpMQl,0.223
9,0.284,https://api.spotify.com/v1/audio-analysis/4nwKdZID1ht0lDBJ5h2p87,0.483,146267,0.177,4nwKdZID1ht0lDBJ5h2p87,0.499,2,0.116,-17.629,1,0.0277,74.994,4,https://api.spotify.com/v1/tracks/4nwKdZID1ht0lDBJ5h2p87,audio_features,spotify:track:4nwKdZID1ht0lDBJ5h2p87,0.192
10,0.0699,https://api.spotify.com/v1/audio-analysis/4JOyMhad5dD81uGYLGgKrS,0.676,66533,0.596,4JOyMhad5dD81uGYLGgKrS,1.96e-05,4,0.351,-9.107,1,0.0272,100.687,4,https://api.spotify.com/v1/tracks/4JOyMhad5dD81uGYLGgKrS,audio_features,spotify:track:4JOyMhad5dD81uGYLGgKrS,0.97
11,0.00472,https://api.spotify.com/v1/audio-analysis/1FTCA6wQwulQFokDddKE68,0.474,72640,0.939,1FTCA6wQwulQFokDddKE68,0.674,11,0.19,-8.884,0,0.199,166.829,4,https://api.spotify.com/v1/tracks/1FTCA6wQwulQFokDddKE68,audio_features,spotify:track:1FTCA6wQwulQFokDddKE68,0.499
12,0.00376,https://api.spotify.com/v1/audio-analysis/2jtUGFsqanQ82zqDlhiKIp,0.53,118627,0.72,2jtUGFsqanQ82zqDlhiKIp,3.38e-05,2,0.314,-8.793,1,0.0338,80.652,4,https://api.spotify.com/v1/tracks/2jtUGFsqanQ82zqDlhiKIp,audio_features,spotify:track:2jtUGFsqanQ82zqDlhiKIp,0.69
13,0.326,https://api.spotify.com/v1/audio-analysis/01SfTM5nfCou5gQL70r6gs,0.419,91760,0.152,01SfTM5nfCou5gQL70r6gs,0.0034,0,0.113,-12.126,1,0.0277,80.608,4,https://api.spotify.com/v1/tracks/01SfTM5nfCou5gQL70r6gs,audio_features,spotify:track:01SfTM5nfCou5gQL70r6gs,0.239
14,0.226,https://api.spotify.com/v1/audio-analysis/5eZrW59C3UgBhkqNlowEID,0.543,96467,0.458,5eZrW59C3UgBhkqNlowEID,0.00663,0,0.298,-8.976,1,0.0274,84.319,4,https://api.spotify.com/v1/tracks/5eZrW59C3UgBhkqNlowEID,audio_features,spotify:track:5eZrW59C3UgBhkqNlowEID,0.704
15,0.00101,https://api.spotify.com/v1/audio-analysis/5aHHf6jrqDRb1fcBmue2kn,0.647,141613,0.487,5aHHf6jrqDRb1fcBmue2kn,0.285,11,0.138,-10.119,0,0.0689,123.444,1,https://api.spotify.com/v1/tracks/5aHHf6jrqDRb1fcBmue2kn,audio_features,spotify:track:5aHHf6jrqDRb1fcBmue2kn,0.222
16,0.728,https://api.spotify.com/v1/audio-analysis/6UCFZ9ZOFRxK8oak7MdPZu,0.703,25987,0.215,6UCFZ9ZOFRxK8oak7MdPZu,1.23e-06,2,0.13,-23.03,1,0.0892,100.874,3,https://api.spotify.com/v1/tracks/6UCFZ9ZOFRxK8oak7MdPZu,audio_features,spotify:track:6UCFZ9ZOFRxK8oak7MdPZu,0.522
0,0.518,https://api.spotify.com/v1/audio-analysis/3oEo8Pqm5IAi8wQfCI5BpR,0.605,159720,0.536,3oEo8Pqm5IAi8wQfCI5BpR,0.0,1,0.528,-10.069,1,0.0421,110.849,4,https://api.spotify.com/v1/tracks/3oEo8Pqm5IAi8wQfCI5BpR,audio_features,spotify:track:3oEo8Pqm5IAi8wQfCI5BpR,0.688
1,0.000341,https://api.spotify.com/v1/audio-analysis/4phXWLTSlC1BEogSWhJMDD,0.175,204493,0.731,4phXWLTSlC1BEogSWhJMDD,0.000751,9,0.0846,-8.341,1,0.0705,209.242,4,https://api.spotify.com/v1/tracks/4phXWLTSlC1BEogSWhJMDD,audio_features,spotify:track:4phXWLTSlC1BEogSWhJMDD,0.801
2,0.0722,https://api.spotify.com/v1/audio-analysis/2ck8lFrYAch2GPtdhpTHe3,0.587,130893,0.431,2ck8lFrYAch2GPtdhpTHe3,0.0,2,0.561,-9.495,1,0.0686,95.937,4,https://api.spotify.com/v1/tracks/2ck8lFrYAch2GPtdhpTHe3,audio_features,spotify:track:2ck8lFrYAch2GPtdhpTHe3,0.778
3,0.0197,https://api.spotify.com/v1/audio-analysis/5xYC2ZJJ9TMJL8BOl85O2R,0.587,191307,0.617,5xYC2ZJJ9TMJL8BOl85O2R,0.639,7,0.199,-9.164,1,0.028,100.495,4,https://api.spotify.com/v1/tracks/5xYC2ZJJ9TMJL8BOl85O2R,audio_features,spotify:track:5xYC2ZJJ9TMJL8BOl85O2R,0.947
4,4.3e-05,https://api.spotify.com/v1/audio-analysis/2bQZ9BBhP7vSBiyDz7KXnv,0.39,385013,0.781,2bQZ9BBhP7vSBiyDz7KXnv,0.412,7,0.1,-7.878,1,0.0364,113.511,4,https://api.spotify.com/v1/tracks/2bQZ9BBhP7vSBiyDz7KXnv,audio_features,spotify:track:2bQZ9BBhP7vSBiyDz7KXnv,0.199
5,0.345,https://api.spotify.com/v1/audio-analysis/2Z8cY4QpZTFUZxCQCpvNe1,0.4,231213,0.463,2Z8cY4QpZTFUZxCQCpvNe1,4.59e-05,7,0.286,-8.455,1,0.0288,103.103,4,https://api.spotify.com/v1/tracks/2Z8cY4QpZTFUZxCQCpvNe1,audio_features,spotify:track:2Z8cY4QpZTFUZxCQCpvNe1,0.627
6,0.661,https://api.spotify.com/v1/audio-analysis/1y8kq7M3tBw4zAttsZMya8,0.354,140733,0.281,1y8kq7M3tBw4zAttsZMya8,0.763,7,0.243,-12.434,1,0.032,113.126,4,https://api.spotify.com/v1/tracks/1y8kq7M3tBw4zAttsZMya8,audio_features,spotify:track:1y8kq7M3tBw4zAttsZMya8,0.367
7,0.971,https://api.spotify.com/v1/audio-analysis/6FvhNdlAom6yYHa8ekAaAM,0.237,180213,0.096,6FvhNdlAom6yYHa8ekAaAM,0.0961,2,0.203,-20.629,0,0.0387,128.054,4,https://api.spotify.com/v1/tracks/6FvhNdlAom6yYHa8ekAaAM,audio_features,spotify:track:6FvhNdlAom6yYHa8ekAaAM,0.0629
8,0.959,https://api.spotify.com/v1/audio-analysis/6n42oei7aEx2I0dcluKAGx,0.249,136693,0.0994,6n42oei7aEx2I0dcluKAGx,0.926,6,0.454,-19.266,0,0.04,118.99,3,https://api.spotify.com/v1/tracks/6n42oei7aEx2I0dcluKAGx,audio_features,spotify:track:6n42oei7aEx2I0dcluKAGx,0.0357
9,0.945,https://api.spotify.com/v1/audio-analysis/30u8QyT0kBSYO5RcZmaLl3,0.253,216693,0.166,30u8QyT0kBSYO5RcZmaLl3,0.862,9,0.135,-16.624,1,0.0346,83.971,3,https://api.spotify.com/v1/tracks/30u8QyT0kBSYO5RcZmaLl3,audio_features,spotify:track:30u8QyT0kBSYO5RcZmaLl3,0.0489
10,0.934,https://api.spotify.com/v1/audio-analysis/7zJKIrxcH2jY4TOqpvoLvH,0.538,139360,0.378,7zJKIrxcH2jY4TOqpvoLvH,0.758,9,0.456,-14.117,0,0.0387,117.185,4,https://api.spotify.com/v1/tracks/7zJKIrxcH2jY4TOqpvoLvH,audio_features,spotify:track:7zJKIrxcH2jY4TOqpvoLvH,0.16
11,0.877,https://api.spotify.com/v1/audio-analysis/0rHHNFcUgB0zlzCk4MVluw,0.269,132773,0.0902,0rHHNFcUgB0zlzCk4MVluw,0.821,8,0.302,-23.018,0,0.042,82.423,4,https://api.spotify.com/v1/tracks/0rHHNFcUgB0zlzCk4MVluw,audio_features,spotify:track:0rHHNFcUgB0zlzCk4MVluw,0.0462
12,0.808,https://api.spotify.com/v1/audio-analysis/7ExawMDcRz2lMgNEjjYzdr,0.406,134027,0.219,7ExawMDcRz2lMgNEjjYzdr,0.599,7,0.15,-13.155,1,0.0359,105.345,4,https://api.spotify.com/v1/tracks/7ExawMDcRz2lMgNEjjYzdr,audio_features,spotify:track:7ExawMDcRz2lMgNEjjYzdr,0.271
0,0.069,https://api.spotify.com/v1/audio-analysis/0j3p1p06deJ7f9xmJ9yG22,0.48,163453,0.969,0j3p1p06deJ7f9xmJ9yG22,0.00022,9,0.0608,-7.464,1,0.0854,142.489,4,https://api.spotify.com/v1/tracks/0j3p1p06deJ7f9xmJ9yG22,audio_features,spotify:track:0j3p1p06deJ7f9xmJ9yG22,0.494
1,0.16,https://api.spotify.com/v1/audio-analysis/5NQYyej46WQkgCbnzGD21W,0.388,235773,0.529,5NQYyej46WQkgCbnzGD21W,0.0681,7,0.108,-10.533,1,0.0436,150.721,4,https://api.spotify.com/v1/tracks/5NQYyej46WQkgCbnzGD21W,audio_features,spotify:track:5NQYyej46WQkgCbnzGD21W,0.332
2,0.0123,https://api.spotify.com/v1/audio-analysis/2jAojvUaPoHPFSPpF0UNRo,0.523,137840,0.51,2jAojvUaPoHPFSPpF0UNRo,8.38e-05,7,0.108,-9.827,0,0.0514,120.432,4,https://api.spotify.com/v1/tracks/2jAojvUaPoHPFSPpF0UNRo,audio_features,spotify:track:2jAojvUaPoHPFSPpF0UNRo,0.789
3,0.232,https://api.spotify.com/v1/audio-analysis/1gFNm7cXfG1vSMcxPpSxec,0.818,188960,0.728,1gFNm7cXfG1vSMcxPpSxec,0.0642,10,0.251,-8.331,1,0.0314,113.059,4,https://api.spotify.com/v1/tracks/1gFNm7cXfG1vSMcxPpSxec,audio_features,spotify:track:1gFNm7cXfG1vSMcxPpSxec,0.975
4,0.425,https://api.spotify.com/v1/audio-analysis/6j67aNAPeQ31uw4qw4rpLa,0.792,52973,0.763,6j67aNAPeQ31uw4qw4rpLa,0.627,2,0.789,-11.185,1,0.0506,89.9,4,https://api.spotify.com/v1/tracks/6j67aNAPeQ31uw4qw4rpLa,audio_features,spotify:track:6j67aNAPeQ31uw4qw4rpLa,0.152
5,0.224,https://api.spotify.com/v1/audio-analysis/5Z3Rd1fMcaty8g5Pn7yhBQ,0.621,194160,0.459,5Z3Rd1fMcaty8g5Pn7yhBQ,0.0,0,0.656,-10.414,1,0.104,114.816,4,https://api.spotify.com/v1/tracks/5Z3Rd1fMcaty8g5Pn7yhBQ,audio_features,spotify:track:5Z3Rd1fMcaty8g5Pn7yhBQ,0.648
6,0.0205,https://api.spotify.com/v1/audio-analysis/389QX9Q1eUOEZ19vtzzI9O,0.453,285000,0.654,389QX9Q1eUOEZ19vtzzI9O,0.00395,4,0.172,-8.855,0,0.0317,115.0,4,https://api.spotify.com/v1/tracks/389QX9Q1eUOEZ19vtzzI9O,audio_features,spotify:track:389QX9Q1eUOEZ19vtzzI9O,0.702
7,0.523,https://api.spotify.com/v1/audio-analysis/71LsKf3xISiOlY1mj7FFPP,0.431,164547,0.54,71LsKf3xISiOlY1mj7FFPP,1.34e-06,9,0.169,-9.6,0,0.0589,139.288,4,https://api.spotify.com/v1/tracks/71LsKf3xISiOlY1mj7FFPP,audio_features,spotify:track:71LsKf3xISiOlY1mj7FFPP,0.44
8,0.872,https://api.spotify.com/v1/audio-analysis/1swmf4hFMJYRNA8Rq9PVaW,0.472,148573,0.292,1swmf4hFMJYRNA8Rq9PVaW,0.0007,10,0.128,-11.591,1,0.0321,177.624,4,https://api.spotify.com/v1/tracks/1swmf4hFMJYRNA8Rq9PVaW,audio_features,spotify:track:1swmf4hFMJYRNA8Rq9PVaW,0.824
9,0.656,https://api.spotify.com/v1/audio-analysis/2X9H5BokS1u5O46YpNYNsZ,0.433,123493,0.483,2X9H5BokS1u5O46YpNYNsZ,2.64e-05,9,0.539,-9.422,1,0.175,68.492,4,https://api.spotify.com/v1/tracks/2X9H5BokS1u5O46YpNYNsZ,audio_features,spotify:track:2X9H5BokS1u5O46YpNYNsZ,0.717
10,0.754,https://api.spotify.com/v1/audio-analysis/5jgFfDIR6FR0gvlA56Nakr,0.686,138387,0.127,5jgFfDIR6FR0gvlA56Nakr,1.41e-05,7,0.0573,-14.361,1,0.0342,93.699,4,https://api.spotify.com/v1/tracks/5jgFfDIR6FR0gvlA56Nakr,audio_features,spotify:track:5jgFfDIR6FR0gvlA56Nakr,0.372
11,0.643,https://api.spotify.com/v1/audio-analysis/4ZmjfLdJXbqjAENqk7eWSE,0.542,124267,0.445,4ZmjfLdJXbqjAENqk7eWSE,0.0,8,0.516,-9.105,1,0.0303,93.245,4,https://api.spotify.com/v1/tracks/4ZmjfLdJXbqjAENqk7eWSE,audio_features,spotify:track:4ZmjfLdJXbqjAENqk7eWSE,0.52
12,0.333,https://api.spotify.com/v1/audio-analysis/1ITQbrueGLl581a25XXm9c,0.599,213107,0.363,1ITQbrueGLl581a25XXm9c,0.0,7,0.243,-11.728,1,0.0315,79.456,4,https://api.spotify.com/v1/tracks/1ITQbrueGLl581a25XXm9c,audio_features,spotify:track:1ITQbrueGLl581a25XXm9c,0.648
13,0.594,https://api.spotify.com/v1/audio-analysis/4zq4rrfHZeZsTbo5vjJXSV,0.599,230453,0.537,4zq4rrfHZeZsTbo5vjJXSV,1.92e-05,0,0.194,-9.617,1,0.0254,84.895,4,https://api.spotify.com/v1/tracks/4zq4rrfHZeZsTbo5vjJXSV,audio_features,spotify:track:4zq4rrfHZeZsTbo5vjJXSV,0.946
14,0.53,https://api.spotify.com/v1/audio-analysis/4eLIq1nQNwz2qLu8DeiWIp,0.589,101160,0.522,4eLIq1nQNwz2qLu8DeiWIp,0.000243,2,0.0993,-8.718,1,0.0521,187.688,4,https://api.spotify.com/v1/tracks/4eLIq1nQNwz2qLu8DeiWIp,audio_features,spotify:track:4eLIq1nQNwz2qLu8DeiWIp,0.957
15,0.742,https://api.spotify.com/v1/audio-analysis/09x9v1o51dbqi5H0u7UGfp,0.631,105933,0.387,09x9v1o51dbqi5H0u7UGfp,0.000406,5,0.0822,-11.529,1,0.0262,103.11,4,https://api.spotify.com/v1/tracks/09x9v1o51dbqi5H0u7UGfp,audio_features,spotify:track:09x9v1o51dbqi5H0u7UGfp,0.832
16,0.828,https://api.spotify.com/v1/audio-analysis/5FnpXVgDOk2sLT58qM22Of,0.512,176667,0.0953,5FnpXVgDOk2sLT58qM22Of,0.000268,2,0.117,-16.082,1,0.0304,134.706,4,https://api.spotify.com/v1/tracks/5FnpXVgDOk2sLT58qM22Of,audio_features,spotify:track:5FnpXVgDOk2sLT58qM22Of,0.193
17,7.37e-05,https://api.spotify.com/v1/audio-analysis/1ABegtCPBMMJaMpfDyATjE,0.541,163080,0.727,1ABegtCPBMMJaMpfDyATjE,0.717,2,0.232,-7.509,1,0.0384,139.239,4,https://api.spotify.com/v1/tracks/1ABegtCPBMMJaMpfDyATjE,audio_features,spotify:track:1ABegtCPBMMJaMpfDyATjE,0.91
18,0.000875,https://api.spotify.com/v1/audio-analysis/2AsGApoUuN8pTM17Lq9eUd,0.327,240453,0.525,2AsGApoUuN8pTM17Lq9eUd,0.259,9,0.133,-10.272,1,0.0475,151.766,3,https://api.spotify.com/v1/tracks/2AsGApoUuN8pTM17Lq9eUd,audio_features,spotify:track:2AsGApoUuN8pTM17Lq9eUd,0.435
19,0.634,https://api.spotify.com/v1/audio-analysis/6TjUg1cTUzWHbal6yQAi7c,0.608,168027,0.178,6TjUg1cTUzWHbal6yQAi7c,0.352,2,0.166,-17.109,1,0.0264,84.78,4,https://api.spotify.com/v1/tracks/6TjUg1cTUzWHbal6yQAi7c,audio_features,spotify:track:6TjUg1cTUzWHbal6yQAi7c,0.401
20,0.0207,https://api.spotify.com/v1/audio-analysis/64P3zpRsDHIk7YTpRtaKYL,0.523,144773,0.731,64P3zpRsDHIk7YTpRtaKYL,0.000464,2,0.081,-8.613,1,0.0559,117.089,4,https://api.spotify.com/v1/tracks/64P3zpRsDHIk7YTpRtaKYL,audio_features,spotify:track:64P3zpRsDHIk7YTpRtaKYL,0.81
21,0.33,https://api.spotify.com/v1/audio-analysis/2tBv9tAdqEbLNDi5smSjbg,0.577,195267,0.624,2tBv9tAdqEbLNDi5smSjbg,0.00622,0,0.117,-9.626,1,0.0285,75.478,4,https://api.spotify.com/v1/tracks/2tBv9tAdqEbLNDi5smSjbg,audio_features,spotify:track:2tBv9tAdqEbLNDi5smSjbg,0.671
22,0.000606,https://api.spotify.com/v1/audio-analysis/0Bs0hUYxz7REyIHH7tRhL2,0.166,269787,0.831,0Bs0hUYxz7REyIHH7tRhL2,0.846,9,0.811,-8.469,1,0.0894,167.518,4,https://api.spotify.com/v1/tracks/0Bs0hUYxz7REyIHH7tRhL2,audio_features,spotify:track:0Bs0hUYxz7REyIHH7tRhL2,0.281
23,0.539,https://api.spotify.com/v1/audio-analysis/40d2EcaOOCUjDzzo2YvUWn,0.349,186307,0.129,40d2EcaOOCUjDzzo2YvUWn,0.405,5,0.192,-15.883,1,0.0294,104.837,3,https://api.spotify.com/v1/tracks/40d2EcaOOCUjDzzo2YvUWn,audio_features,spotify:track:40d2EcaOOCUjDzzo2YvUWn,0.163
24,0.0785,https://api.spotify.com/v1/audio-analysis/1aOzDhi5a1RWWRy5dmYA8I,0.386,255707,0.626,1aOzDhi5a1RWWRy5dmYA8I,0.00164,9,0.621,-9.451,1,0.0377,98.425,4,https://api.spotify.com/v1/tracks/1aOzDhi5a1RWWRy5dmYA8I,audio_features,spotify:track:1aOzDhi5a1RWWRy5dmYA8I,0.695
25,0.88,https://api.spotify.com/v1/audio-analysis/1TPcNcmuKlq0PKpYOBgP1U,0.537,161160,0.297,1TPcNcmuKlq0PKpYOBgP1U,1.5e-05,7,0.145,-15.452,1,0.0822,144.197,4,https://api.spotify.com/v1/tracks/1TPcNcmuKlq0PKpYOBgP1U,audio_features,spotify:track:1TPcNcmuKlq0PKpYOBgP1U,0.553
26,0.00814,https://api.spotify.com/v1/audio-analysis/5iyCSUM7zzficwaGo8GIoc,0.623,174467,0.544,5iyCSUM7zzficwaGo8GIoc,0.309,11,0.134,-11.043,0,0.0536,120.761,4,https://api.spotify.com/v1/tracks/5iyCSUM7zzficwaGo8GIoc,audio_features,spotify:track:5iyCSUM7zzficwaGo8GIoc,0.793
27,0.115,https://api.spotify.com/v1/audio-analysis/5XmetMMUFNXClbiYnGdVmP,0.517,182080,0.529,5XmetMMUFNXClbiYnGdVmP,0.00396,9,0.174,-11.851,0,0.0323,76.644,4,https://api.spotify.com/v1/tracks/5XmetMMUFNXClbiYnGdVmP,audio_features,spotify:track:5XmetMMUFNXClbiYnGdVmP,0.362
28,0.769,https://api.spotify.com/v1/audio-analysis/5dZ8PeKKZJLIQAWNTdp8WX,0.208,502013,0.615,5dZ8PeKKZJLIQAWNTdp8WX,0.118,2,0.824,-15.297,0,0.342,91.158,4,https://api.spotify.com/v1/tracks/5dZ8PeKKZJLIQAWNTdp8WX,audio_features,spotify:track:5dZ8PeKKZJLIQAWNTdp8WX,0.101
29,0.865,https://api.spotify.com/v1/audio-analysis/3T4Kt51PV4k8tx6YCtBgcl,0.146,193760,0.355,3T4Kt51PV4k8tx6YCtBgcl,0.835,7,0.114,-14.583,1,0.0352,146.408,3,https://api.spotify.com/v1/tracks/3T4Kt51PV4k8tx6YCtBgcl,audio_features,spotify:track:3T4Kt51PV4k8tx6YCtBgcl,0.178
0,0.0385,https://api.spotify.com/v1/audio-analysis/0qHMhBZqYb99yhX9BHcIkV,0.297,170107,0.613,0qHMhBZqYb99yhX9BHcIkV,3.98e-05,9,0.0734,-9.065,1,0.0931,170.962,4,https://api.spotify.com/v1/tracks/0qHMhBZqYb99yhX9BHcIkV,audio_features,spotify:track:0qHMhBZqYb99yhX9BHcIkV,0.338
1,0.913,https://api.spotify.com/v1/audio-analysis/6rHh8urosEFRI67xVa6fzU,0.356,179107,0.26,6rHh8urosEFRI67xVa6fzU,2.1e-06,4,0.105,-10.577,0,0.0314,144.184,4,https://api.spotify.com/v1/tracks/6rHh8urosEFRI67xVa6fzU,audio_features,spotify:track:6rHh8urosEFRI67xVa6fzU,0.49
2,0.368,https://api.spotify.com/v1/audio-analysis/1itLKsCWHtLnxALkgBk1Fa,0.551,135520,0.395,1itLKsCWHtLnxALkgBk1Fa,0.88,0,0.0932,-14.755,1,0.0501,92.929,4,https://api.spotify.com/v1/tracks/1itLKsCWHtLnxALkgBk1Fa,audio_features,spotify:track:1itLKsCWHtLnxALkgBk1Fa,0.261
3,0.0258,https://api.spotify.com/v1/audio-analysis/0QIX9BS0AUCQcHYvyrsMkV,0.294,235067,0.407,0QIX9BS0AUCQcHYvyrsMkV,0.000219,0,0.0852,-11.575,1,0.0308,101.052,4,https://api.spotify.com/v1/tracks/0QIX9BS0AUCQcHYvyrsMkV,audio_features,spotify:track:0QIX9BS0AUCQcHYvyrsMkV,0.0378
4,0.784,https://api.spotify.com/v1/audio-analysis/1dxbAIfCASqv6jix2R1Taj,0.698,148413,0.293,1dxbAIfCASqv6jix2R1Taj,0.0106,0,0.0936,-11.361,1,0.0332,117.613,4,https://api.spotify.com/v1/tracks/1dxbAIfCASqv6jix2R1Taj,audio_features,spotify:track:1dxbAIfCASqv6jix2R1Taj,0.724
5,0.0828,https://api.spotify.com/v1/audio-analysis/6Pq9MmkDQYZiiCDpxnvrf6,0.401,275867,0.556,6Pq9MmkDQYZiiCDpxnvrf6,0.000359,2,0.589,-10.532,1,0.0513,85.206,4,https://api.spotify.com/v1/tracks/6Pq9MmkDQYZiiCDpxnvrf6,audio_features,spotify:track:6Pq9MmkDQYZiiCDpxnvrf6,0.654
6,0.306,https://api.spotify.com/v1/audio-analysis/0vZ97gHhemKm6c64hTfJNA,0.479,208840,0.733,0vZ97gHhemKm6c64hTfJNA,2.4e-05,0,0.414,-8.753,1,0.0256,99.307,4,https://api.spotify.com/v1/tracks/0vZ97gHhemKm6c64hTfJNA,audio_features,spotify:track:0vZ97gHhemKm6c64hTfJNA,0.806
7,0.336,https://api.spotify.com/v1/audio-analysis/3Am0IbOxmvlSXro7N5iSfZ,0.39,247320,0.502,3Am0IbOxmvlSXro7N5iSfZ,0.000138,10,0.0713,-12.277,1,0.178,97.871,4,https://api.spotify.com/v1/tracks/3Am0IbOxmvlSXro7N5iSfZ,audio_features,spotify:track:3Am0IbOxmvlSXro7N5iSfZ,0.289
8,0.212,https://api.spotify.com/v1/audio-analysis/1h04XMpzGzmAudoI6VHBgA,0.651,180893,0.488,1h04XMpzGzmAudoI6VHBgA,0.026,9,0.136,-8.22,1,0.0316,113.038,4,https://api.spotify.com/v1/tracks/1h04XMpzGzmAudoI6VHBgA,audio_features,spotify:track:1h04XMpzGzmAudoI6VHBgA,0.49
9,0.0119,https://api.spotify.com/v1/audio-analysis/0JBvtprXP2Z0LP3jmzA7Xp,0.619,181307,0.625,0JBvtprXP2Z0LP3jmzA7Xp,1.05e-06,7,0.152,-9.635,1,0.036,96.751,4,https://api.spotify.com/v1/tracks/0JBvtprXP2Z0LP3jmzA7Xp,audio_features,spotify:track:0JBvtprXP2Z0LP3jmzA7Xp,0.467
10,0.346,https://api.spotify.com/v1/audio-analysis/68BTFws92cRztMS1oQ7Ewj,0.4,230387,0.48,68BTFws92cRztMS1oQ7Ewj,3.1e-05,7,0.155,-7.768,1,0.0295,103.436,4,https://api.spotify.com/v1/tracks/68BTFws92cRztMS1oQ7Ewj,audio_features,spotify:track:68BTFws92cRztMS1oQ7Ewj,0.653
0,0.0341,https://api.spotify.com/v1/audio-analysis/3J2RmOkB4VRBv4N66Nor0y,0.361,122133,0.857,3J2RmOkB4VRBv4N66Nor0y,0.00624,7,0.86,-6.6,1,0.163,95.114,4,https://api.spotify.com/v1/tracks/3J2RmOkB4VRBv4N66Nor0y,audio_features,spotify:track:3J2RmOkB4VRBv4N66Nor0y,0.523
1,0.126,https://api.spotify.com/v1/audio-analysis/2YsKxAJKUJx93BKxzQ3RTr,0.643,165293,0.605,2YsKxAJKUJx93BKxzQ3RTr,0.0,4,0.262,-6.998,1,0.0295,112.057,4,https://api.spotify.com/v1/tracks/2YsKxAJKUJx93BKxzQ3RTr,audio_features,spotify:track:2YsKxAJKUJx93BKxzQ3RTr,0.794
2,0.0907,https://api.spotify.com/v1/audio-analysis/5od7xyJpszivAXNkBc5SL8,0.318,207680,0.53,5od7xyJpszivAXNkBc5SL8,0.0,2,0.145,-6.521,1,0.0369,137.423,3,https://api.spotify.com/v1/tracks/5od7xyJpszivAXNkBc5SL8,audio_features,spotify:track:5od7xyJpszivAXNkBc5SL8,0.423
3,0.0913,https://api.spotify.com/v1/audio-analysis/3liuLCzIoOhduPXp8kbHHA,0.598,167013,0.551,3liuLCzIoOhduPXp8kbHHA,0.0,0,0.0958,-6.909,1,0.0308,121.959,4,https://api.spotify.com/v1/tracks/3liuLCzIoOhduPXp8kbHHA,audio_features,spotify:track:3liuLCzIoOhduPXp8kbHHA,0.817
4,0.503,https://api.spotify.com/v1/audio-analysis/5L3ltLBs4BQADp6FgEipr7,0.405,157960,0.644,5L3ltLBs4BQADp6FgEipr7,0.0,0,0.0681,-7.115,0,0.0495,111.667,4,https://api.spotify.com/v1/tracks/5L3ltLBs4BQADp6FgEipr7,audio_features,spotify:track:5L3ltLBs4BQADp6FgEipr7,0.52
5,0.879,https://api.spotify.com/v1/audio-analysis/3mjQT6aE0mvrffreC9OvWa,0.372,205840,0.32,3mjQT6aE0mvrffreC9OvWa,0.0,0,0.108,-9.724,1,0.0315,130.97,4,https://api.spotify.com/v1/tracks/3mjQT6aE0mvrffreC9OvWa,audio_features,spotify:track:3mjQT6aE0mvrffreC9OvWa,0.251
6,0.13,https://api.spotify.com/v1/audio-analysis/3mMv7l7eHDHgpJqJvjXdWx,0.246,159200,0.743,3mMv7l7eHDHgpJqJvjXdWx,0.0,9,0.19,-5.224,0,0.0526,83.339,1,https://api.spotify.com/v1/tracks/3mMv7l7eHDHgpJqJvjXdWx,audio_features,spotify:track:3mMv7l7eHDHgpJqJvjXdWx,0.623
7,0.325,https://api.spotify.com/v1/audio-analysis/0zOVNfqK09eYVHhv5N3lNY,0.292,307587,0.545,0zOVNfqK09eYVHhv5N3lNY,5.95e-05,6,0.306,-8.475,1,0.0352,124.251,4,https://api.spotify.com/v1/tracks/0zOVNfqK09eYVHhv5N3lNY,audio_features,spotify:track:0zOVNfqK09eYVHhv5N3lNY,0.365
8,0.49,https://api.spotify.com/v1/audio-analysis/1aIwEwu8BE3s5j7hmvZRt9,0.697,160013,0.294,1aIwEwu8BE3s5j7hmvZRt9,0.0,8,0.17,-9.231,1,0.0644,138.256,4,https://api.spotify.com/v1/tracks/1aIwEwu8BE3s5j7hmvZRt9,audio_features,spotify:track:1aIwEwu8BE3s5j7hmvZRt9,0.571
9,0.00624,https://api.spotify.com/v1/audio-analysis/3CdDBopz2XipdS5ICzhWHN,0.58,165800,0.695,3CdDBopz2XipdS5ICzhWHN,0.0,8,0.0857,-5.49,1,0.0252,86.822,4,https://api.spotify.com/v1/tracks/3CdDBopz2XipdS5ICzhWHN,audio_features,spotify:track:3CdDBopz2XipdS5ICzhWHN,0.69
10,0.000312,https://api.spotify.com/v1/audio-analysis/4krhZH4q9oZT86bvA4HN6F,0.511,154467,0.794,4krhZH4q9oZT86bvA4HN6F,0.0,2,0.555,-6.876,1,0.0887,121.517,4,https://api.spotify.com/v1/tracks/4krhZH4q9oZT86bvA4HN6F,audio_features,spotify:track:4krhZH4q9oZT86bvA4HN6F,0.847
11,0.000202,https://api.spotify.com/v1/audio-analysis/57OwEeLrTkZgqZtbM0Tsr6,0.575,80600,0.948,57OwEeLrTkZgqZtbM0Tsr6,0.369,0,0.513,-5.381,1,0.0561,118.758,4,https://api.spotify.com/v1/tracks/57OwEeLrTkZgqZtbM0Tsr6,audio_features,spotify:track:57OwEeLrTkZgqZtbM0Tsr6,0.856
12,0.258,https://api.spotify.com/v1/audio-analysis/5V3HOUIcQTAdUmzHPcfb6F,0.338,330920,0.47,5V3HOUIcQTAdUmzHPcfb6F,0.000205,4,0.889,-10.636,0,0.0552,80.724,4,https://api.spotify.com/v1/tracks/5V3HOUIcQTAdUmzHPcfb6F,audio_features,spotify:track:5V3HOUIcQTAdUmzHPcfb6F,0.107
13,0.256,https://api.spotify.com/v1/audio-analysis/1oaFPXlIXMFFgNESnW6JdZ,0.585,156440,0.7,1oaFPXlIXMFFgNESnW6JdZ,0.0111,0,0.668,-7.966,1,0.0993,95.695,4,https://api.spotify.com/v1/tracks/1oaFPXlIXMFFgNESnW6JdZ,audio_features,spotify:track:1oaFPXlIXMFFgNESnW6JdZ,0.493
14,0.253,https://api.spotify.com/v1/audio-analysis/2gtkJPo38dvr8JqOd1hExc,0.912,196520,0.607,2gtkJPo38dvr8JqOd1hExc,0.464,6,0.152,-7.957,0,0.122,111.363,4,https://api.spotify.com/v1/tracks/2gtkJPo38dvr8JqOd1hExc,audio_features,spotify:track:2gtkJPo38dvr8JqOd1hExc,0.385
15,0.787,https://api.spotify.com/v1/audio-analysis/3BrTDY7Lpwm7UqC1pdnbaQ,0.418,238867,0.367,3BrTDY7Lpwm7UqC1pdnbaQ,3.45e-05,2,0.108,-12.36,1,0.0503,97.058,4,https://api.spotify.com/v1/tracks/3BrTDY7Lpwm7UqC1pdnbaQ,audio_features,spotify:track:3BrTDY7Lpwm7UqC1pdnbaQ,0.316
16,0.412,https://api.spotify.com/v1/audio-analysis/2FiSf5JfTNvAFUMiiOWUdx,0.724,138533,0.456,2FiSf5JfTNvAFUMiiOWUdx,0.0928,0,0.198,-10.587,1,0.0748,127.521,4,https://api.spotify.com/v1/tracks/2FiSf5JfTNvAFUMiiOWUdx,audio_features,spotify:track:2FiSf5JfTNvAFUMiiOWUdx,0.32
17,0.166,https://api.spotify.com/v1/audio-analysis/1RFpFW3Nz67JX5Obt7MlLm,0.605,207840,0.546,1RFpFW3Nz67JX5Obt7MlLm,0.000121,5,0.0436,-7.176,1,0.0486,115.28,4,https://api.spotify.com/v1/tracks/1RFpFW3Nz67JX5Obt7MlLm,audio_features,spotify:track:1RFpFW3Nz67JX5Obt7MlLm,0.568
18,0.914,https://api.spotify.com/v1/audio-analysis/6FsdVfBnVYANpYBHo7qezC,0.45,229120,0.12,6FsdVfBnVYANpYBHo7qezC,0.883,4,0.123,-13.069,1,0.0363,128.506,3,https://api.spotify.com/v1/tracks/6FsdVfBnVYANpYBHo7qezC,audio_features,spotify:track:6FsdVfBnVYANpYBHo7qezC,0.182
19,0.452,https://api.spotify.com/v1/audio-analysis/5Fo2uGHAErsDwiIOo4wcjS,0.592,187213,0.387,5Fo2uGHAErsDwiIOo4wcjS,5.23e-06,0,0.391,-11.451,1,0.0561,111.097,4,https://api.spotify.com/v1/tracks/5Fo2uGHAErsDwiIOo4wcjS,audio_features,spotify:track:5Fo2uGHAErsDwiIOo4wcjS,0.507
20,0.676,https://api.spotify.com/v1/audio-analysis/2EVjL6ljSRdzvHvFgCXS7K,0.376,333400,0.391,2EVjL6ljSRdzvHvFgCXS7K,0.205,5,0.152,-13.214,1,0.0398,120.234,4,https://api.spotify.com/v1/tracks/2EVjL6ljSRdzvHvFgCXS7K,audio_features,spotify:track:2EVjL6ljSRdzvHvFgCXS7K,0.175
21,0.218,https://api.spotify.com/v1/audio-analysis/5UOd4rjE1TYeEQrQRTQHKv,0.815,178653,0.237,5UOd4rjE1TYeEQrQRTQHKv,0.0,7,0.0814,-11.932,1,0.162,132.627,4,https://api.spotify.com/v1/tracks/5UOd4rjE1TYeEQrQRTQHKv,audio_features,spotify:track:5UOd4rjE1TYeEQrQRTQHKv,0.426
22,0.287,https://api.spotify.com/v1/audio-analysis/3RHJClIsYoZaUxt6O26GMd,0.472,184360,0.711,3RHJClIsYoZaUxt6O26GMd,0.0,4,0.377,-6.874,1,0.0561,180.847,4,https://api.spotify.com/v1/tracks/3RHJClIsYoZaUxt6O26GMd,audio_features,spotify:track:3RHJClIsYoZaUxt6O26GMd,0.68
23,0.0225,https://api.spotify.com/v1/audio-analysis/73U4muTtJcAhD94lWvD5zG,0.752,166640,0.514,73U4muTtJcAhD94lWvD5zG,0.000174,2,0.161,-10.523,1,0.0945,121.741,4,https://api.spotify.com/v1/tracks/73U4muTtJcAhD94lWvD5zG,audio_features,spotify:track:73U4muTtJcAhD94lWvD5zG,0.79
24,0.258,https://api.spotify.com/v1/audio-analysis/4IfD31zm39SP4hsDm9LFZ7,0.797,116067,0.806,4IfD31zm39SP4hsDm9LFZ7,0.000172,0,0.132,-7.117,1,0.086,119.285,4,https://api.spotify.com/v1/tracks/4IfD31zm39SP4hsDm9LFZ7,audio_features,spotify:track:4IfD31zm39SP4hsDm9LFZ7,0.762
25,0.918,https://api.spotify.com/v1/audio-analysis/2i9KZZlTOYfX7EtMHtX5NS,0.493,291960,0.33,2i9KZZlTOYfX7EtMHtX5NS,0.000139,4,0.281,-11.555,0,0.0384,162.502,4,https://api.spotify.com/v1/tracks/2i9KZZlTOYfX7EtMHtX5NS,audio_features,spotify:track:2i9KZZlTOYfX7EtMHtX5NS,0.195
26,0.746,https://api.spotify.com/v1/audio-analysis/1iVxrYU3WOaApanKwWcQqB,0.36,196880,0.428,1iVxrYU3WOaApanKwWcQqB,3.52e-05,5,0.116,-10.374,1,0.266,179.328,4,https://api.spotify.com/v1/tracks/1iVxrYU3WOaApanKwWcQqB,audio_features,spotify:track:1iVxrYU3WOaApanKwWcQqB,0.357
27,0.219,https://api.spotify.com/v1/audio-analysis/0je32DnbaZ3DzrT6pVia8x,0.444,199813,0.734,0je32DnbaZ3DzrT6pVia8x,0.000303,0,0.335,-9.825,1,0.17,110.629,4,https://api.spotify.com/v1/tracks/0je32DnbaZ3DzrT6pVia8x,audio_features,spotify:track:0je32DnbaZ3DzrT6pVia8x,0.335
28,0.342,https://api.spotify.com/v1/audio-analysis/7wvgGz8Mkz7VWpGKztBtBg,0.38,246413,0.627,7wvgGz8Mkz7VWpGKztBtBg,0.000231,10,0.092,-9.647,1,0.267,95.797,4,https://api.spotify.com/v1/tracks/7wvgGz8Mkz7VWpGKztBtBg,audio_features,spotify:track:7wvgGz8Mkz7VWpGKztBtBg,0.255
29,0.69,https://api.spotify.com/v1/audio-analysis/4A8PQVuWGPWc8qp33aJX2U,0.897,176707,0.516,4A8PQVuWGPWc8qp33aJX2U,0.737,0,0.125,-8.867,1,0.0883,120.735,3,https://api.spotify.com/v1/tracks/4A8PQVuWGPWc8qp33aJX2U,audio_features,spotify:track:4A8PQVuWGPWc8qp33aJX2U,0.144
30,0.0369,https://api.spotify.com/v1/audio-analysis/57YeN4L1zAYvnIlLwL3hp6,0.624,179147,0.536,57YeN4L1zAYvnIlLwL3hp6,0.0028,9,0.108,-7.617,1,0.042,112.931,4,https://api.spotify.com/v1/tracks/57YeN4L1zAYvnIlLwL3hp6,audio_features,spotify:track:57YeN4L1zAYvnIlLwL3hp6,0.641
0,0.0857,https://api.spotify.com/v1/audio-analysis/4fUKE8EULjQdHF4zb0M8FO,0.451,122893,0.673,4fUKE8EULjQdHF4zb0M8FO,0.00225,7,0.797,-9.115,1,0.0734,95.513,4,https://api.spotify.com/v1/tracks/4fUKE8EULjQdHF4zb0M8FO,audio_features,spotify:track:4fUKE8EULjQdHF4zb0M8FO,0.583
1,0.365,https://api.spotify.com/v1/audio-analysis/2RnPATK99oGOZygnD2GTO6,0.705,164107,0.515,2RnPATK99oGOZygnD2GTO6,0.0,4,0.389,-9.343,1,0.0337,112.035,4,https://api.spotify.com/v1/tracks/2RnPATK99oGOZygnD2GTO6,audio_features,spotify:track:2RnPATK99oGOZygnD2GTO6,0.803
2,0.0469,https://api.spotify.com/v1/audio-analysis/25yQPHgC35WNnnOUqFhgVR,0.311,208467,0.325,25yQPHgC35WNnnOUqFhgVR,0.0,2,0.139,-9.042,1,0.0283,65.09,1,https://api.spotify.com/v1/tracks/25yQPHgC35WNnnOUqFhgVR,audio_features,spotify:track:25yQPHgC35WNnnOUqFhgVR,0.668
3,0.313,https://api.spotify.com/v1/audio-analysis/3LtOmWpTXLhilL5odoKysR,0.632,168120,0.471,3LtOmWpTXLhilL5odoKysR,5.08e-06,0,0.0712,-7.887,1,0.0348,121.672,4,https://api.spotify.com/v1/tracks/3LtOmWpTXLhilL5odoKysR,audio_features,spotify:track:3LtOmWpTXLhilL5odoKysR,0.764
4,0.382,https://api.spotify.com/v1/audio-analysis/3pKKxkeB1pOUMHwWBmKc3Y,0.469,156827,0.507,3pKKxkeB1pOUMHwWBmKc3Y,0.0,0,0.0783,-8.917,0,0.0451,112.984,4,https://api.spotify.com/v1/tracks/3pKKxkeB1pOUMHwWBmKc3Y,audio_features,spotify:track:3pKKxkeB1pOUMHwWBmKc3Y,0.619
5,0.944,https://api.spotify.com/v1/audio-analysis/3PjMtNzwhDHqxoKudm6GvF,0.381,215160,0.214,3PjMtNzwhDHqxoKudm6GvF,0.0,4,0.106,-11.629,1,0.0337,127.581,3,https://api.spotify.com/v1/tracks/3PjMtNzwhDHqxoKudm6GvF,audio_features,spotify:track:3PjMtNzwhDHqxoKudm6GvF,0.393
6,0.338,https://api.spotify.com/v1/audio-analysis/6W35n1UlkvqhfMZstB4BXs,0.526,157533,0.413,6W35n1UlkvqhfMZstB4BXs,0.0,0,0.0992,-9.865,1,0.0446,111.874,4,https://api.spotify.com/v1/tracks/6W35n1UlkvqhfMZstB4BXs,audio_features,spotify:track:6W35n1UlkvqhfMZstB4BXs,0.71
7,0.339,https://api.spotify.com/v1/audio-analysis/3Umg8CDhO8dOSj7yBTInYb,0.352,304667,0.479,3Umg8CDhO8dOSj7yBTInYb,0.000353,6,0.486,-9.965,1,0.0338,126.166,4,https://api.spotify.com/v1/tracks/3Umg8CDhO8dOSj7yBTInYb,audio_features,spotify:track:3Umg8CDhO8dOSj7yBTInYb,0.354
8,0.625,https://api.spotify.com/v1/audio-analysis/1NrbnHlR2BFREcyWXHIHip,0.704,157667,0.241,1NrbnHlR2BFREcyWXHIHip,2.8e-05,1,0.0868,-13.258,1,0.0476,140.411,4,https://api.spotify.com/v1/tracks/1NrbnHlR2BFREcyWXHIHip,audio_features,spotify:track:1NrbnHlR2BFREcyWXHIHip,0.661
9,0.0634,https://api.spotify.com/v1/audio-analysis/6h9W5FxX4E9lUFsyq8j1AD,0.61,162093,0.471,6h9W5FxX4E9lUFsyq8j1AD,0.0,8,0.118,-9.151,0,0.0261,87.379,4,https://api.spotify.com/v1/tracks/6h9W5FxX4E9lUFsyq8j1AD,audio_features,spotify:track:6h9W5FxX4E9lUFsyq8j1AD,0.63
10,0.0858,https://api.spotify.com/v1/audio-analysis/0xIuNHHcKI1JDuBPlSwzb1,0.542,161227,0.618,0xIuNHHcKI1JDuBPlSwzb1,0.0,2,0.772,-8.876,1,0.139,121.849,3,https://api.spotify.com/v1/tracks/0xIuNHHcKI1JDuBPlSwzb1,audio_features,spotify:track:0xIuNHHcKI1JDuBPlSwzb1,0.93
11,0.0061,https://api.spotify.com/v1/audio-analysis/42ocGQCOT0xYtV3f5kJDsD,0.653,79067,0.889,42ocGQCOT0xYtV3f5kJDsD,0.589,0,0.892,-8.006,1,0.0453,118.773,4,https://api.spotify.com/v1/tracks/42ocGQCOT0xYtV3f5kJDsD,audio_features,spotify:track:42ocGQCOT0xYtV3f5kJDsD,0.879
12,0.29,https://api.spotify.com/v1/audio-analysis/0hKRSZhUGEhKU6aNSPBACZ,0.364,337413,0.457,0hKRSZhUGEhKU6aNSPBACZ,0.000106,4,0.922,-14.162,0,0.0675,163.219,4,https://api.spotify.com/v1/tracks/0hKRSZhUGEhKU6aNSPBACZ,audio_features,spotify:track:0hKRSZhUGEhKU6aNSPBACZ,0.175
0,0.0101,https://api.spotify.com/v1/audio-analysis/4BRkPBUxOYffM2QXVlq7aC,0.469,158853,0.596,4BRkPBUxOYffM2QXVlq7aC,0.0,7,0.321,-8.348,1,0.0749,133.586,4,https://api.spotify.com/v1/tracks/4BRkPBUxOYffM2QXVlq7aC,audio_features,spotify:track:4BRkPBUxOYffM2QXVlq7aC,0.783
1,0.936,https://api.spotify.com/v1/audio-analysis/5GjPQ0eI7AgmOnADn1EO6Q,0.581,126533,0.28,5GjPQ0eI7AgmOnADn1EO6Q,1.56e-05,4,0.305,-9.091,0,0.0381,137.831,4,https://api.spotify.com/v1/tracks/5GjPQ0eI7AgmOnADn1EO6Q,audio_features,spotify:track:5GjPQ0eI7AgmOnADn1EO6Q,0.813
2,0.21,https://api.spotify.com/v1/audio-analysis/2ylCrFiBu98SC0vFfaCent,0.494,180320,0.47,2ylCrFiBu98SC0vFfaCent,0.0,8,0.28,-9.599,0,0.0301,103.477,4,https://api.spotify.com/v1/tracks/2ylCrFiBu98SC0vFfaCent,audio_features,spotify:track:2ylCrFiBu98SC0vFfaCent,0.698
3,0.7,https://api.spotify.com/v1/audio-analysis/4RdJFhfLQcezwN5LsXl4qP,0.391,179827,0.593,4RdJFhfLQcezwN5LsXl4qP,0.000249,5,0.0829,-8.999,1,0.0413,123.986,4,https://api.spotify.com/v1/tracks/4RdJFhfLQcezwN5LsXl4qP,audio_features,spotify:track:4RdJFhfLQcezwN5LsXl4qP,0.707
4,0.921,https://api.spotify.com/v1/audio-analysis/2B4Y9u4ERAFiMo13XPJyGP,0.29,144880,0.247,2B4Y9u4ERAFiMo13XPJyGP,0.00565,7,0.0917,-12.125,1,0.0383,165.361,4,https://api.spotify.com/v1/tracks/2B4Y9u4ERAFiMo13XPJyGP,audio_features,spotify:track:2B4Y9u4ERAFiMo13XPJyGP,0.36
5,0.531,https://api.spotify.com/v1/audio-analysis/50xwQXPtfNZFKFeZ0XePWc,0.604,158880,0.549,50xwQXPtfNZFKFeZ0XePWc,0.0,1,0.438,-9.873,1,0.0389,111.398,4,https://api.spotify.com/v1/tracks/50xwQXPtfNZFKFeZ0XePWc,audio_features,spotify:track:50xwQXPtfNZFKFeZ0XePWc,0.696
6,0.103,https://api.spotify.com/v1/audio-analysis/3VSuWxZM6x6V3ig5nYtikL,0.329,156040,0.678,3VSuWxZM6x6V3ig5nYtikL,0.168,3,0.843,-7.878,1,0.0344,106.476,4,https://api.spotify.com/v1/tracks/3VSuWxZM6x6V3ig5nYtikL,audio_features,spotify:track:3VSuWxZM6x6V3ig5nYtikL,0.672
7,0.719,https://api.spotify.com/v1/audio-analysis/7HTH1ppjkkOe7RLoBDKXYJ,0.77,129293,0.496,7HTH1ppjkkOe7RLoBDKXYJ,0.0,11,0.123,-8.45,1,0.0468,117.331,3,https://api.spotify.com/v1/tracks/7HTH1ppjkkOe7RLoBDKXYJ,audio_features,spotify:track:7HTH1ppjkkOe7RLoBDKXYJ,0.571
8,0.0067,https://api.spotify.com/v1/audio-analysis/4KRgqwb4kvBuTz1utbYxfb,0.555,120493,0.65,4KRgqwb4kvBuTz1utbYxfb,0.0491,4,0.236,-6.936,1,0.0282,132.59,4,https://api.spotify.com/v1/tracks/4KRgqwb4kvBuTz1utbYxfb,audio_features,spotify:track:4KRgqwb4kvBuTz1utbYxfb,0.966
9,0.783,https://api.spotify.com/v1/audio-analysis/1kDkaFlmkdEZiVUogaP9OZ,0.483,119813,0.351,1kDkaFlmkdEZiVUogaP9OZ,0.0,1,0.115,-10.487,0,0.0278,81.208,4,https://api.spotify.com/v1/tracks/1kDkaFlmkdEZiVUogaP9OZ,audio_features,spotify:track:1kDkaFlmkdEZiVUogaP9OZ,0.713
10,0.164,https://api.spotify.com/v1/audio-analysis/1ob06Ol8FMIPQgjpg7bMyk,0.394,134267,0.64,1ob06Ol8FMIPQgjpg7bMyk,0.139,4,0.153,-8.992,1,0.0488,164.626,4,https://api.spotify.com/v1/tracks/1ob06Ol8FMIPQgjpg7bMyk,audio_features,spotify:track:1ob06Ol8FMIPQgjpg7bMyk,0.574
11,0.182,https://api.spotify.com/v1/audio-analysis/7orb0y6ySGdsYZywMoQtsD,0.493,147973,0.525,7orb0y6ySGdsYZywMoQtsD,4.4e-06,9,0.148,-9.289,1,0.0315,127.492,4,https://api.spotify.com/v1/tracks/7orb0y6ySGdsYZywMoQtsD,audio_features,spotify:track:7orb0y6ySGdsYZywMoQtsD,0.449
12,0.42,https://api.spotify.com/v1/audio-analysis/3tGhRLgcCP6SIZU3tbGl7l,0.521,149240,0.524,3tGhRLgcCP6SIZU3tbGl7l,9.27e-06,0,0.0838,-6.136,1,0.0302,136.679,4,https://api.spotify.com/v1/tracks/3tGhRLgcCP6SIZU3tbGl7l,audio_features,spotify:track:3tGhRLgcCP6SIZU3tbGl7l,0.711
13,8.4e-05,https://api.spotify.com/v1/audio-analysis/00oZhqZIQfL9P5CjOP6JsO,0.38,179547,0.829,00oZhqZIQfL9P5CjOP6JsO,0.00208,5,0.342,-6.105,1,0.0405,125.887,4,https://api.spotify.com/v1/tracks/00oZhqZIQfL9P5CjOP6JsO,audio_features,spotify:track:00oZhqZIQfL9P5CjOP6JsO,0.0534
0,0.0173,https://api.spotify.com/v1/audio-analysis/06ypiqmILMdVeaiErMFA91,0.754,148893,0.571,06ypiqmILMdVeaiErMFA91,0.0,2,0.3,-8.547,1,0.0421,122.463,4,https://api.spotify.com/v1/tracks/06ypiqmILMdVeaiErMFA91,audio_features,spotify:track:06ypiqmILMdVeaiErMFA91,0.82
1,0.183,https://api.spotify.com/v1/audio-analysis/1H7gMYGykdtwZOV6s1N0by,0.425,124693,0.369,1H7gMYGykdtwZOV6s1N0by,0.00126,4,0.112,-11.876,1,0.0379,176.625,3,https://api.spotify.com/v1/tracks/1H7gMYGykdtwZOV6s1N0by,audio_features,spotify:track:1H7gMYGykdtwZOV6s1N0by,0.65
2,0.136,https://api.spotify.com/v1/audio-analysis/4LLBKnNCrSRrSjSTuiwjE9,0.488,199960,0.539,4LLBKnNCrSRrSjSTuiwjE9,0.0,9,0.0538,-8.752,1,0.0304,115.941,4,https://api.spotify.com/v1/tracks/4LLBKnNCrSRrSjSTuiwjE9,audio_features,spotify:track:4LLBKnNCrSRrSjSTuiwjE9,0.473
3,0.00797,https://api.spotify.com/v1/audio-analysis/5SUlhldQJtOhUr2GzH5RI7,0.534,163693,0.624,5SUlhldQJtOhUr2GzH5RI7,0.0,4,0.128,-9.589,1,0.0462,121.402,4,https://api.spotify.com/v1/tracks/5SUlhldQJtOhUr2GzH5RI7,audio_features,spotify:track:5SUlhldQJtOhUr2GzH5RI7,0.687
4,0.0124,https://api.spotify.com/v1/audio-analysis/64bKVrkaXQAKx04dLHqCNz,0.529,138520,0.567,64bKVrkaXQAKx04dLHqCNz,0.0,0,0.0729,-9.796,1,0.0282,130.544,4,https://api.spotify.com/v1/tracks/64bKVrkaXQAKx04dLHqCNz,audio_features,spotify:track:64bKVrkaXQAKx04dLHqCNz,0.799
5,0.00682,https://api.spotify.com/v1/audio-analysis/4GBaPHvAyj4V2jeobD9tsy,0.59,163107,0.641,4GBaPHvAyj4V2jeobD9tsy,0.0,0,0.0553,-9.687,1,0.0416,120.773,4,https://api.spotify.com/v1/tracks/4GBaPHvAyj4V2jeobD9tsy,audio_features,spotify:track:4GBaPHvAyj4V2jeobD9tsy,0.792
6,0.652,https://api.spotify.com/v1/audio-analysis/5By7Pzgl6TMuVJG168VWzS,0.578,162373,0.29,5By7Pzgl6TMuVJG168VWzS,0.0,5,0.105,-12.501,0,0.0341,117.403,4,https://api.spotify.com/v1/tracks/5By7Pzgl6TMuVJG168VWzS,audio_features,spotify:track:5By7Pzgl6TMuVJG168VWzS,0.666
7,0.0168,https://api.spotify.com/v1/audio-analysis/19QXdPRZFHI5kNK3tN8Mh7,0.67,168573,0.776,19QXdPRZFHI5kNK3tN8Mh7,3.01e-06,4,0.0732,-10.035,1,0.0749,96.93,4,https://api.spotify.com/v1/tracks/19QXdPRZFHI5kNK3tN8Mh7,audio_features,spotify:track:19QXdPRZFHI5kNK3tN8Mh7,0.765
8,0.587,https://api.spotify.com/v1/audio-analysis/6tQvjqDIK9GXWIC6mejms8,0.699,151720,0.294,6tQvjqDIK9GXWIC6mejms8,0.0,5,0.117,-13.205,0,0.0294,96.615,4,https://api.spotify.com/v1/tracks/6tQvjqDIK9GXWIC6mejms8,audio_features,spotify:track:6tQvjqDIK9GXWIC6mejms8,0.893
9,0.00772,https://api.spotify.com/v1/audio-analysis/5E3BVY66TEDexFutOO5GeS,0.667,146387,0.498,5E3BVY66TEDexFutOO5GeS,0.0,1,0.0481,-11.027,1,0.0364,85.843,4,https://api.spotify.com/v1/tracks/5E3BVY66TEDexFutOO5GeS,audio_features,spotify:track:5E3BVY66TEDexFutOO5GeS,0.774
10,0.449,https://api.spotify.com/v1/audio-analysis/3KfbEIOC7YIv90FIfNSZpo,0.688,146333,0.435,3KfbEIOC7YIv90FIfNSZpo,0.0,9,0.113,-11.359,1,0.0323,103.239,4,https://api.spotify.com/v1/tracks/3KfbEIOC7YIv90FIfNSZpo,audio_features,spotify:track:3KfbEIOC7YIv90FIfNSZpo,0.435
11,0.0175,https://api.spotify.com/v1/audio-analysis/0CGbof9amBnsNlRhZ8IY2H,0.552,134720,0.487,0CGbof9amBnsNlRhZ8IY2H,0.0,6,0.105,-10.574,0,0.04,127.201,4,https://api.spotify.com/v1/tracks/0CGbof9amBnsNlRhZ8IY2H,audio_features,spotify:track:0CGbof9amBnsNlRhZ8IY2H,0.657
12,0.00748,https://api.spotify.com/v1/audio-analysis/7C6hdDIz90Uf5YmdZnYbJJ,0.492,142267,0.755,7C6hdDIz90Uf5YmdZnYbJJ,0.0,9,0.102,-9.273,1,0.0331,127.387,4,https://api.spotify.com/v1/tracks/7C6hdDIz90Uf5YmdZnYbJJ,audio_features,spotify:track:7C6hdDIz90Uf5YmdZnYbJJ,0.796
13,0.0103,https://api.spotify.com/v1/audio-analysis/4gUYV3ktbaOeAK5KrXMWV5,0.563,141093,0.705,4gUYV3ktbaOeAK5KrXMWV5,0.0,2,0.0552,-9.232,1,0.103,176.732,4,https://api.spotify.com/v1/tracks/4gUYV3ktbaOeAK5KrXMWV5,audio_features,spotify:track:4gUYV3ktbaOeAK5KrXMWV5,0.822
0,0.188,https://api.spotify.com/v1/audio-analysis/7DD7eSuYSC5xk2ArU62esN,0.534,139560,0.725,7DD7eSuYSC5xk2ArU62esN,0.0,6,0.0994,-7.576,0,0.0332,95.003,4,https://api.spotify.com/v1/tracks/7DD7eSuYSC5xk2ArU62esN,audio_features,spotify:track:7DD7eSuYSC5xk2ArU62esN,0.763
1,0.0537,https://api.spotify.com/v1/audio-analysis/5xcfepnz1v7a83T8An9gjw,0.461,154933,0.762,5xcfepnz1v7a83T8An9gjw,0.0,2,0.238,-6.727,1,0.0379,84.496,4,https://api.spotify.com/v1/tracks/5xcfepnz1v7a83T8An9gjw,audio_features,spotify:track:5xcfepnz1v7a83T8An9gjw,0.632
2,0.207,https://api.spotify.com/v1/audio-analysis/4F1AgKpuFRMLEgtPETVwZk,0.398,129120,0.392,4F1AgKpuFRMLEgtPETVwZk,0.0,7,0.102,-9.05,1,0.0282,184.267,3,https://api.spotify.com/v1/tracks/4F1AgKpuFRMLEgtPETVwZk,audio_features,spotify:track:4F1AgKpuFRMLEgtPETVwZk,0.378
3,0.277,https://api.spotify.com/v1/audio-analysis/5EzvwjFwdP5Kfl5AZAemzu,0.601,148787,0.489,5EzvwjFwdP5Kfl5AZAemzu,0.0,9,0.0988,-8.554,1,0.0455,136.215,4,https://api.spotify.com/v1/tracks/5EzvwjFwdP5Kfl5AZAemzu,audio_features,spotify:track:5EzvwjFwdP5Kfl5AZAemzu,0.638
4,0.238,https://api.spotify.com/v1/audio-analysis/7hefVXaGsFPesbK6fKwS6F,0.516,125360,0.638,7hefVXaGsFPesbK6fKwS6F,0.0,9,0.333,-7.453,1,0.0314,88.657,4,https://api.spotify.com/v1/tracks/7hefVXaGsFPesbK6fKwS6F,audio_features,spotify:track:7hefVXaGsFPesbK6fKwS6F,0.822
5,0.346,https://api.spotify.com/v1/audio-analysis/70HNt0eoBVqr4ss68U8x3B,0.533,138667,0.66,70HNt0eoBVqr4ss68U8x3B,0.0,4,0.26,-7.694,1,0.0337,131.975,4,https://api.spotify.com/v1/tracks/70HNt0eoBVqr4ss68U8x3B,audio_features,spotify:track:70HNt0eoBVqr4ss68U8x3B,0.818
6,0.0457,https://api.spotify.com/v1/audio-analysis/7CZiDzGVjUssMSOXrDNYHL,0.519,189680,0.85,7CZiDzGVjUssMSOXrDNYHL,0.0,9,0.233,-6.777,1,0.0678,123.419,4,https://api.spotify.com/v1/tracks/7CZiDzGVjUssMSOXrDNYHL,audio_features,spotify:track:7CZiDzGVjUssMSOXrDNYHL,0.749
7,0.366,https://api.spotify.com/v1/audio-analysis/0IxxqsYBcCHEQ1HqLYJnwx,0.702,150373,0.447,0IxxqsYBcCHEQ1HqLYJnwx,0.0,7,0.153,-10.122,1,0.0308,93.02,4,https://api.spotify.com/v1/tracks/0IxxqsYBcCHEQ1HqLYJnwx,audio_features,spotify:track:0IxxqsYBcCHEQ1HqLYJnwx,0.944
8,0.22,https://api.spotify.com/v1/audio-analysis/2ue1KRstSKHF8jQkIJZiNC,0.629,116480,0.551,2ue1KRstSKHF8jQkIJZiNC,0.0,0,0.0432,-8.281,1,0.0256,113.155,3,https://api.spotify.com/v1/tracks/2ue1KRstSKHF8jQkIJZiNC,audio_features,spotify:track:2ue1KRstSKHF8jQkIJZiNC,0.685
9,0.415,https://api.spotify.com/v1/audio-analysis/0y1LLH0NiwOD5tM3aNMXTr,0.555,156867,0.57,0y1LLH0NiwOD5tM3aNMXTr,0.0,7,0.191,-7.869,1,0.0302,88.316,4,https://api.spotify.com/v1/tracks/0y1LLH0NiwOD5tM3aNMXTr,audio_features,spotify:track:0y1LLH0NiwOD5tM3aNMXTr,0.899
10,0.061,https://api.spotify.com/v1/audio-analysis/2jnr9KaaMAmvk0zMcM9UzV,0.592,157987,0.796,2jnr9KaaMAmvk0zMcM9UzV,0.0,7,0.131,-8.125,1,0.0429,136.675,4,https://api.spotify.com/v1/tracks/2jnr9KaaMAmvk0zMcM9UzV,audio_features,spotify:track:2jnr9KaaMAmvk0zMcM9UzV,0.7
11,0.723,https://api.spotify.com/v1/audio-analysis/788U1Sqej9M6c4iikuDGxO,0.647,125040,0.56,788U1Sqej9M6c4iikuDGxO,0.0,9,0.118,-8.809,1,0.0387,120.418,3,https://api.spotify.com/v1/tracks/788U1Sqej9M6c4iikuDGxO,audio_features,spotify:track:788U1Sqej9M6c4iikuDGxO,0.913
12,0.879,https://api.spotify.com/v1/audio-analysis/3BQHpFgAp4l80e1XslIjNI,0.332,125667,0.179,3BQHpFgAp4l80e1XslIjNI,0.0,5,0.0886,-11.83,1,0.0326,96.529,4,https://api.spotify.com/v1/tracks/3BQHpFgAp4l80e1XslIjNI,audio_features,spotify:track:3BQHpFgAp4l80e1XslIjNI,0.315
13,0.116,https://api.spotify.com/v1/audio-analysis/70Dohn82wv6VtxGesqRzbZ,0.373,176507,0.934,70Dohn82wv6VtxGesqRzbZ,0.00445,9,0.0962,-6.753,1,0.0591,136.037,4,https://api.spotify.com/v1/tracks/70Dohn82wv6VtxGesqRzbZ,audio_features,spotify:track:70Dohn82wv6VtxGesqRzbZ,0.918
0,0.67,https://api.spotify.com/v1/audio-analysis/4ltC6PrqkTtpcRNi5lvS4z,0.718,136067,0.593,4ltC6PrqkTtpcRNi5lvS4z,0.0,0,0.172,-9.976,1,0.0377,124.251,4,https://api.spotify.com/v1/tracks/4ltC6PrqkTtpcRNi5lvS4z,audio_features,spotify:track:4ltC6PrqkTtpcRNi5lvS4z,0.869
1,0.567,https://api.spotify.com/v1/audio-analysis/7wC4EW11mBVxDK3xdC7FTf,0.492,150027,0.628,7wC4EW11mBVxDK3xdC7FTf,1.07e-06,7,0.267,-7.813,1,0.0439,89.877,4,https://api.spotify.com/v1/tracks/7wC4EW11mBVxDK3xdC7FTf,audio_features,spotify:track:7wC4EW11mBVxDK3xdC7FTf,0.856
2,0.434,https://api.spotify.com/v1/audio-analysis/7cb2SdLm1UMLwdUoWwrZN1,0.374,124520,0.596,7cb2SdLm1UMLwdUoWwrZN1,0.0,9,0.098,-7.666,1,0.0416,202.97,3,https://api.spotify.com/v1/tracks/7cb2SdLm1UMLwdUoWwrZN1,audio_features,spotify:track:7cb2SdLm1UMLwdUoWwrZN1,0.876
3,0.566,https://api.spotify.com/v1/audio-analysis/7Ho3T7ERfooiAfvODaMQ2N,0.457,151280,0.917,7Ho3T7ERfooiAfvODaMQ2N,0.0,9,0.333,-6.213,1,0.0441,167.092,4,https://api.spotify.com/v1/tracks/7Ho3T7ERfooiAfvODaMQ2N,audio_features,spotify:track:7Ho3T7ERfooiAfvODaMQ2N,0.965
4,0.789,https://api.spotify.com/v1/audio-analysis/45WX2cfbL8bCIqv3rOq1G3,0.689,108853,0.313,45WX2cfbL8bCIqv3rOq1G3,0.0,0,0.144,-10.073,1,0.0366,133.754,4,https://api.spotify.com/v1/tracks/45WX2cfbL8bCIqv3rOq1G3,audio_features,spotify:track:45WX2cfbL8bCIqv3rOq1G3,0.625
5,0.796,https://api.spotify.com/v1/audio-analysis/6pPOkr2OxhQ6htrzOiDmq9,0.631,158627,0.424,6pPOkr2OxhQ6htrzOiDmq9,0.000143,6,0.118,-9.106,1,0.0438,126.127,5,https://api.spotify.com/v1/tracks/6pPOkr2OxhQ6htrzOiDmq9,audio_features,spotify:track:6pPOkr2OxhQ6htrzOiDmq9,0.589
6,0.614,https://api.spotify.com/v1/audio-analysis/5xf0zdP4KCfshyVn02D3Ea,0.588,158147,0.724,5xf0zdP4KCfshyVn02D3Ea,8.92e-05,7,0.877,-6.63,1,0.0335,131.36,4,https://api.spotify.com/v1/tracks/5xf0zdP4KCfshyVn02D3Ea,audio_features,spotify:track:5xf0zdP4KCfshyVn02D3Ea,0.924
7,0.412,https://api.spotify.com/v1/audio-analysis/1Dg4dFJr3HW7sbA7vPejre,0.652,163600,0.583,1Dg4dFJr3HW7sbA7vPejre,0.0,9,0.119,-7.811,1,0.038,138.134,4,https://api.spotify.com/v1/tracks/1Dg4dFJr3HW7sbA7vPejre,audio_features,spotify:track:1Dg4dFJr3HW7sbA7vPejre,0.744
8,0.323,https://api.spotify.com/v1/audio-analysis/42qkSeX6HNJYHxlk6cWoFe,0.551,124320,0.533,42qkSeX6HNJYHxlk6cWoFe,0.722,9,0.173,-9.8,1,0.0297,122.358,4,https://api.spotify.com/v1/tracks/42qkSeX6HNJYHxlk6cWoFe,audio_features,spotify:track:42qkSeX6HNJYHxlk6cWoFe,0.85
9,0.473,https://api.spotify.com/v1/audio-analysis/2d7GP7Fz1NrfPpo7MzWZgb,0.629,177427,0.545,2d7GP7Fz1NrfPpo7MzWZgb,5.08e-05,4,0.0854,-11.466,1,0.0348,162.438,4,https://api.spotify.com/v1/tracks/2d7GP7Fz1NrfPpo7MzWZgb,audio_features,spotify:track:2d7GP7Fz1NrfPpo7MzWZgb,0.735
10,0.488,https://api.spotify.com/v1/audio-analysis/2CxTkdvhDuQrOxl8xXkdJS,0.74,123800,0.49,2CxTkdvhDuQrOxl8xXkdJS,0.0,2,0.103,-9.095,1,0.038,123.227,4,https://api.spotify.com/v1/tracks/2CxTkdvhDuQrOxl8xXkdJS,audio_features,spotify:track:2CxTkdvhDuQrOxl8xXkdJS,0.678
11,0.451,https://api.spotify.com/v1/audio-analysis/3kQDIa85ZK8cKVn72NfBnl,0.533,154467,0.668,3kQDIa85ZK8cKVn72NfBnl,0.0,7,0.149,-7.237,1,0.033,95.438,4,https://api.spotify.com/v1/tracks/3kQDIa85ZK8cKVn72NfBnl,audio_features,spotify:track:3kQDIa85ZK8cKVn72NfBnl,0.889
12,0.301,https://api.spotify.com/v1/audio-analysis/6C6y4OWK1Ki3FVF1TIonxW,0.695,150040,0.53,6C6y4OWK1Ki3FVF1TIonxW,2e-06,2,0.0583,-8.309,1,0.0403,129.506,4,https://api.spotify.com/v1/tracks/6C6y4OWK1Ki3FVF1TIonxW,audio_features,spotify:track:6C6y4OWK1Ki3FVF1TIonxW,0.825
13,0.466,https://api.spotify.com/v1/audio-analysis/4DZAH8eiqSAkMIE9l5D71U,0.543,146000,0.806,4DZAH8eiqSAkMIE9l5D71U,0.0,4,0.134,-7.231,1,0.0385,85.172,4,https://api.spotify.com/v1/tracks/4DZAH8eiqSAkMIE9l5D71U,audio_features,spotify:track:4DZAH8eiqSAkMIE9l5D71U,0.943
0,0.137,https://api.spotify.com/v1/audio-analysis/5J2CHimS7dWYMImCHkEFaJ,0.59,154200,0.805,5J2CHimS7dWYMImCHkEFaJ,0.0,0,0.0996,-6.481,1,0.0371,138.514,4,https://api.spotify.com/v1/tracks/5J2CHimS7dWYMImCHkEFaJ,audio_features,spotify:track:5J2CHimS7dWYMImCHkEFaJ,0.797
1,0.257,https://api.spotify.com/v1/audio-analysis/3pU1CUgPiFfxPCpscwIwQR,0.682,163080,0.444,3pU1CUgPiFfxPCpscwIwQR,0.0,7,0.115,-7.689,1,0.0289,130.704,4,https://api.spotify.com/v1/tracks/3pU1CUgPiFfxPCpscwIwQR,audio_features,spotify:track:3pU1CUgPiFfxPCpscwIwQR,0.91
2,0.68,https://api.spotify.com/v1/audio-analysis/1hgvykolO4kBIEozATmpyj,0.665,139467,0.31,1hgvykolO4kBIEozATmpyj,0.0,2,0.0877,-8.928,1,0.0278,108.211,4,https://api.spotify.com/v1/tracks/1hgvykolO4kBIEozATmpyj,audio_features,spotify:track:1hgvykolO4kBIEozATmpyj,0.568
3,0.138,https://api.spotify.com/v1/audio-analysis/0gd50I2gKioJ59C827EdAY,0.658,116373,0.537,0gd50I2gKioJ59C827EdAY,0.0,6,0.0572,-7.535,0,0.0307,132.115,4,https://api.spotify.com/v1/tracks/0gd50I2gKioJ59C827EdAY,audio_features,spotify:track:0gd50I2gKioJ59C827EdAY,0.887
4,0.64,https://api.spotify.com/v1/audio-analysis/65vdMBskhx3akkG9vQlSH1,0.767,149693,0.331,65vdMBskhx3akkG9vQlSH1,0.0,1,0.0681,-10.777,0,0.0337,113.312,4,https://api.spotify.com/v1/tracks/65vdMBskhx3akkG9vQlSH1,audio_features,spotify:track:65vdMBskhx3akkG9vQlSH1,0.636
5,0.586,https://api.spotify.com/v1/audio-analysis/0Wzp5pWPoX0YoBg002HXL9,0.267,128693,0.688,0Wzp5pWPoX0YoBg002HXL9,0.0,11,0.307,-6.309,0,0.0388,150.942,3,https://api.spotify.com/v1/tracks/0Wzp5pWPoX0YoBg002HXL9,audio_features,spotify:track:0Wzp5pWPoX0YoBg002HXL9,0.797
6,0.283,https://api.spotify.com/v1/audio-analysis/3SdingSsFcZDZAyvcJbgAw,0.483,131867,0.677,3SdingSsFcZDZAyvcJbgAw,0.0,0,0.321,-5.91,1,0.0593,170.72,4,https://api.spotify.com/v1/tracks/3SdingSsFcZDZAyvcJbgAw,audio_features,spotify:track:3SdingSsFcZDZAyvcJbgAw,0.842
7,0.366,https://api.spotify.com/v1/audio-analysis/70XHAdaMaoLIOVb1hSaeJ4,0.612,131280,0.719,70XHAdaMaoLIOVb1hSaeJ4,3.88e-06,2,0.437,-7.026,1,0.0398,141.016,4,https://api.spotify.com/v1/tracks/70XHAdaMaoLIOVb1hSaeJ4,audio_features,spotify:track:70XHAdaMaoLIOVb1hSaeJ4,0.744
8,0.0917,https://api.spotify.com/v1/audio-analysis/01xMiErR26kH1KCif6uEYI,0.643,105987,0.73,01xMiErR26kH1KCif6uEYI,0.0,7,0.253,-6.859,1,0.0347,96.711,4,https://api.spotify.com/v1/tracks/01xMiErR26kH1KCif6uEYI,audio_features,spotify:track:01xMiErR26kH1KCif6uEYI,0.96
9,0.239,https://api.spotify.com/v1/audio-analysis/0voUr8lubIafUVJlauJxYF,0.551,155333,0.575,0voUr8lubIafUVJlauJxYF,0.0,2,0.112,-8.208,0,0.0332,137.054,4,https://api.spotify.com/v1/tracks/0voUr8lubIafUVJlauJxYF,audio_features,spotify:track:0voUr8lubIafUVJlauJxYF,0.516
10,0.384,https://api.spotify.com/v1/audio-analysis/4oLQ0imA5IDtNUnhFKY87q,0.568,136640,0.793,4oLQ0imA5IDtNUnhFKY87q,0.0,9,0.388,-6.201,0,0.0482,125.375,4,https://api.spotify.com/v1/tracks/4oLQ0imA5IDtNUnhFKY87q,audio_features,spotify:track:4oLQ0imA5IDtNUnhFKY87q,0.64
11,0.367,https://api.spotify.com/v1/audio-analysis/5b9G4dtK3Tdguuy9BO3Nwo,0.612,154893,0.788,5b9G4dtK3Tdguuy9BO3Nwo,0.0,0,0.382,-6.251,1,0.0335,129.161,4,https://api.spotify.com/v1/tracks/5b9G4dtK3Tdguuy9BO3Nwo,audio_features,spotify:track:5b9G4dtK3Tdguuy9BO3Nwo,0.961
12,0.744,https://api.spotify.com/v1/audio-analysis/3lSi6qfnp2YZazTzcOLBZk,0.721,144187,0.527,3lSi6qfnp2YZazTzcOLBZk,0.0,9,0.186,-7.224,1,0.0293,123.902,4,https://api.spotify.com/v1/tracks/3lSi6qfnp2YZazTzcOLBZk,audio_features,spotify:track:3lSi6qfnp2YZazTzcOLBZk,0.641
0,0.284,https://api.spotify.com/v1/audio-analysis/4ekUX4pWizXXksJe0JfS9U,0.472,133387,0.673,4ekUX4pWizXXksJe0JfS9U,0.0,4,0.206,-8.853,1,0.0318,133.117,4,https://api.spotify.com/v1/tracks/4ekUX4pWizXXksJe0JfS9U,audio_features,spotify:track:4ekUX4pWizXXksJe0JfS9U,0.862
1,0.217,https://api.spotify.com/v1/audio-analysis/5tztLBvTlNC15Np2tnQ5Ll,0.49,122573,0.579,5tztLBvTlNC15Np2tnQ5Ll,0.0,1,0.0644,-10.301,0,0.0344,119.403,4,https://api.spotify.com/v1/tracks/5tztLBvTlNC15Np2tnQ5Ll,audio_features,spotify:track:5tztLBvTlNC15Np2tnQ5Ll,0.879
2,0.207,https://api.spotify.com/v1/audio-analysis/4joiWvli4qJVEW6qZV2i2J,0.416,127853,0.563,4joiWvli4qJVEW6qZV2i2J,0.0,1,0.343,-8.724,0,0.0298,77.56,4,https://api.spotify.com/v1/tracks/4joiWvli4qJVEW6qZV2i2J,audio_features,spotify:track:4joiWvli4qJVEW6qZV2i2J,0.9
3,0.554,https://api.spotify.com/v1/audio-analysis/7y1hMqXNa0dKQLZH7CKbUG,0.371,148253,0.724,7y1hMqXNa0dKQLZH7CKbUG,0.0,2,0.299,-9.792,1,0.0562,170.377,4,https://api.spotify.com/v1/tracks/7y1hMqXNa0dKQLZH7CKbUG,audio_features,spotify:track:7y1hMqXNa0dKQLZH7CKbUG,0.916
4,0.292,https://api.spotify.com/v1/audio-analysis/0KogQrSowDnZoU8GSpaxkj,0.526,106400,0.858,0KogQrSowDnZoU8GSpaxkj,0.001,9,0.353,-8.533,1,0.0476,75.596,4,https://api.spotify.com/v1/tracks/0KogQrSowDnZoU8GSpaxkj,audio_features,spotify:track:0KogQrSowDnZoU8GSpaxkj,0.886
5,0.79,https://api.spotify.com/v1/audio-analysis/0ESIjVxnDnCDaTPo6sStHm,0.727,133507,0.338,0ESIjVxnDnCDaTPo6sStHm,0.0,5,0.105,-13.887,1,0.0454,122.421,4,https://api.spotify.com/v1/tracks/0ESIjVxnDnCDaTPo6sStHm,audio_features,spotify:track:0ESIjVxnDnCDaTPo6sStHm,0.646
6,0.675,https://api.spotify.com/v1/audio-analysis/6wfK1R6FoLpmUA9lk5ll4T,0.552,154160,0.644,6wfK1R6FoLpmUA9lk5ll4T,0.0,9,0.36,-9.129,1,0.0372,122.546,4,https://api.spotify.com/v1/tracks/6wfK1R6FoLpmUA9lk5ll4T,audio_features,spotify:track:6wfK1R6FoLpmUA9lk5ll4T,0.961
7,0.289,https://api.spotify.com/v1/audio-analysis/3idqWaBn3mRdsIodCU6uBi,0.351,165467,0.749,3idqWaBn3mRdsIodCU6uBi,0.0,2,0.0952,-9.435,1,0.0628,160.673,4,https://api.spotify.com/v1/tracks/3idqWaBn3mRdsIodCU6uBi,audio_features,spotify:track:3idqWaBn3mRdsIodCU6uBi,0.967
8,0.664,https://api.spotify.com/v1/audio-analysis/2RvKsA6Ho7VbJkVFiD4UQF,0.54,151907,0.744,2RvKsA6Ho7VbJkVFiD4UQF,0.0,5,0.21,-9.637,1,0.0312,135.731,4,https://api.spotify.com/v1/tracks/2RvKsA6Ho7VbJkVFiD4UQF,audio_features,spotify:track:2RvKsA6Ho7VbJkVFiD4UQF,0.963
9,0.525,https://api.spotify.com/v1/audio-analysis/7rgUYidQh5tH0YlXCoKaYJ,0.373,181347,0.388,7rgUYidQh5tH0YlXCoKaYJ,0.0,9,0.267,-9.31,1,0.0337,77.643,4,https://api.spotify.com/v1/tracks/7rgUYidQh5tH0YlXCoKaYJ,audio_features,spotify:track:7rgUYidQh5tH0YlXCoKaYJ,0.687
10,0.477,https://api.spotify.com/v1/audio-analysis/0sIZcoe69iSym9AecvZ7CT,0.553,119507,0.914,0sIZcoe69iSym9AecvZ7CT,0.0,9,0.292,-8.232,1,0.0415,99.138,4,https://api.spotify.com/v1/tracks/0sIZcoe69iSym9AecvZ7CT,audio_features,spotify:track:0sIZcoe69iSym9AecvZ7CT,0.683
11,0.227,https://api.spotify.com/v1/audio-analysis/5maTh4fY9SlgR3FhRkf040,0.618,146213,0.622,5maTh4fY9SlgR3FhRkf040,0.0,7,0.0438,-8.861,1,0.0296,121.072,4,https://api.spotify.com/v1/tracks/5maTh4fY9SlgR3FhRkf040,audio_features,spotify:track:5maTh4fY9SlgR3FhRkf040,0.966
12,0.213,https://api.spotify.com/v1/audio-analysis/5vl0sRtrQM1BTSAxQZFqEN,0.471,126827,0.817,5vl0sRtrQM1BTSAxQZFqEN,0.0,7,0.498,-9.999,1,0.0372,124.848,4,https://api.spotify.com/v1/tracks/5vl0sRtrQM1BTSAxQZFqEN,audio_features,spotify:track:5vl0sRtrQM1BTSAxQZFqEN,0.961
13,0.425,https://api.spotify.com/v1/audio-analysis/3zw4FTrVNfy2teEkV9FOvh,0.545,169507,0.853,3zw4FTrVNfy2teEkV9FOvh,0.0,11,0.266,-8.369,0,0.0394,128.816,1,https://api.spotify.com/v1/tracks/3zw4FTrVNfy2teEkV9FOvh,audio_features,spotify:track:3zw4FTrVNfy2teEkV9FOvh,0.923
0,0.27,https://api.spotify.com/v1/audio-analysis/3KiexfmhxHvG5IgAElmTkd,0.491,173947,0.801,3KiexfmhxHvG5IgAElmTkd,0.0,4,0.0665,-9.835,1,0.0361,160.109,4,https://api.spotify.com/v1/tracks/3KiexfmhxHvG5IgAElmTkd,audio_features,spotify:track:3KiexfmhxHvG5IgAElmTkd,0.971
1,0.707,https://api.spotify.com/v1/audio-analysis/40qXGg5nRbcWzcFb26KWkQ,0.591,108547,0.605,40qXGg5nRbcWzcFb26KWkQ,0.0,0,0.309,-10.925,1,0.0413,133.348,4,https://api.spotify.com/v1/tracks/40qXGg5nRbcWzcFb26KWkQ,audio_features,spotify:track:40qXGg5nRbcWzcFb26KWkQ,0.882
2,0.635,https://api.spotify.com/v1/audio-analysis/2baEFuU0gQon0hgVRioI1o,0.608,177133,0.565,2baEFuU0gQon0hgVRioI1o,0.0,2,0.0601,-11.06,1,0.0336,109.286,4,https://api.spotify.com/v1/tracks/2baEFuU0gQon0hgVRioI1o,audio_features,spotify:track:2baEFuU0gQon0hgVRioI1o,0.835
3,0.608,https://api.spotify.com/v1/audio-analysis/3JQWLa88R35d971o5bIImd,0.654,145080,0.561,3JQWLa88R35d971o5bIImd,0.0,10,0.129,-10.551,1,0.0304,129.884,4,https://api.spotify.com/v1/tracks/3JQWLa88R35d971o5bIImd,audio_features,spotify:track:3JQWLa88R35d971o5bIImd,0.929
4,0.607,https://api.spotify.com/v1/audio-analysis/7JxGM1R32ZqfwZou3VtnTg,0.402,146440,0.86,7JxGM1R32ZqfwZou3VtnTg,0.0,4,0.736,-10.31,1,0.0504,142.445,4,https://api.spotify.com/v1/tracks/7JxGM1R32ZqfwZou3VtnTg,audio_features,spotify:track:7JxGM1R32ZqfwZou3VtnTg,0.822
5,0.767,https://api.spotify.com/v1/audio-analysis/7529Z6b1rlGZFFPWjHPeV5,0.605,146533,0.394,7529Z6b1rlGZFFPWjHPeV5,0.0,4,0.0967,-11.33,1,0.0378,133.942,4,https://api.spotify.com/v1/tracks/7529Z6b1rlGZFFPWjHPeV5,audio_features,spotify:track:7529Z6b1rlGZFFPWjHPeV5,0.597
6,0.334,https://api.spotify.com/v1/audio-analysis/6EHuOufBeL6vk3TvVJB5qo,0.527,120853,0.48,6EHuOufBeL6vk3TvVJB5qo,0.0,4,0.0702,-9.61,1,0.028,139.388,4,https://api.spotify.com/v1/tracks/6EHuOufBeL6vk3TvVJB5qo,audio_features,spotify:track:6EHuOufBeL6vk3TvVJB5qo,0.706
7,0.386,https://api.spotify.com/v1/audio-analysis/3VbGCXWRiouAq8VyMYN2MI,0.52,141693,0.829,3VbGCXWRiouAq8VyMYN2MI,6.2e-05,0,0.227,-6.228,1,0.0806,147.997,4,https://api.spotify.com/v1/tracks/3VbGCXWRiouAq8VyMYN2MI,audio_features,spotify:track:3VbGCXWRiouAq8VyMYN2MI,0.744
8,0.389,https://api.spotify.com/v1/audio-analysis/7Msq9qojB7yORuJvz49iUy,0.635,124360,0.656,7Msq9qojB7yORuJvz49iUy,0.00127,2,0.0828,-8.5,1,0.0291,134.435,4,https://api.spotify.com/v1/tracks/7Msq9qojB7yORuJvz49iUy,audio_features,spotify:track:7Msq9qojB7yORuJvz49iUy,0.77
9,0.778,https://api.spotify.com/v1/audio-analysis/2VmB1rF9FtfKUmFHDVnq8Q,0.608,160520,0.494,2VmB1rF9FtfKUmFHDVnq8Q,0.0,4,0.0926,-12.211,0,0.0345,112.421,4,https://api.spotify.com/v1/tracks/2VmB1rF9FtfKUmFHDVnq8Q,audio_features,spotify:track:2VmB1rF9FtfKUmFHDVnq8Q,0.879
10,0.608,https://api.spotify.com/v1/audio-analysis/7Aobt67JnaF7qN8jCCKvHq,0.673,117013,0.349,7Aobt67JnaF7qN8jCCKvHq,0.0,4,0.38,-12.414,1,0.0368,124.451,4,https://api.spotify.com/v1/tracks/7Aobt67JnaF7qN8jCCKvHq,audio_features,spotify:track:7Aobt67JnaF7qN8jCCKvHq,0.609
11,0.698,https://api.spotify.com/v1/audio-analysis/7fh53ta3vAOGJMQ4i5tCHe,0.42,123480,0.372,7fh53ta3vAOGJMQ4i5tCHe,0.0,1,0.104,-11.416,0,0.0327,101.408,3,https://api.spotify.com/v1/tracks/7fh53ta3vAOGJMQ4i5tCHe,audio_features,spotify:track:7fh53ta3vAOGJMQ4i5tCHe,0.412
12,0.629,https://api.spotify.com/v1/audio-analysis/4dessGxnKXmTbHPhVgqODq,0.455,110493,0.582,4dessGxnKXmTbHPhVgqODq,4.22e-06,4,0.172,-10.009,1,0.0292,140.928,4,https://api.spotify.com/v1/tracks/4dessGxnKXmTbHPhVgqODq,audio_features,spotify:track:4dessGxnKXmTbHPhVgqODq,0.927
13,0.641,https://api.spotify.com/v1/audio-analysis/5ZBeML7Lf3FMEVviTyvi8l,0.482,155227,0.849,5ZBeML7Lf3FMEVviTyvi8l,7.74e-06,2,0.0414,-9.198,1,0.0452,124.631,4,https://api.spotify.com/v1/tracks/5ZBeML7Lf3FMEVviTyvi8l,audio_features,spotify:track:5ZBeML7Lf3FMEVviTyvi8l,0.937
