,href,id,name,track_number,album_name,release_date,acousticness,danceability,energy,instrumentalness,key,liveness,loudness,mode,speechiness,tempo,time_signature,valence
0,https://api.spotify.com/v1/tracks/6CV4BNCI8xjHeYDR8eEriP,6CV4BNCI8xjHeYDR8eEriP,Twist And Shout - Live / Remastered,1,Live At The Hollywood Bowl,2016-09-09,7.38e-05,0.284,0.8220000000000001,1.03e-06,2,0.496,-8.593,1,0.0448,126.46,4,0.609
1,https://api.spotify.com/v1/tracks/6lynokJ0Ilm55qB4FdVeG7,6lynokJ0Ilm55qB4FdVeG7,She's A Woman - Live / Remastered,2,Live At The Hollywood Bowl,2016-09-09,0.007690000000000001,0.19399999999999998,0.884,1.7e-05,9,0.845,-8.205,1,0.0632,175.62,4,0.593
2,https://api.spotify.com/v1/tracks/510F0QzxgNnfAVcCrYG2cv,510F0QzxgNnfAVcCrYG2cv,Dizzy Miss Lizzy - Live / Remastered,3,Live At The Hollywood Bowl,2016-09-09,0.0149,0.42200000000000004,0.8759999999999999,5.9699999999999994e-05,11,0.528,-6.81,0,0.0474,129.718,4,0.716
3,https://api.spotify.com/v1/tracks/2FP07Rr3ZwFmJZXsaj7hjE,2FP07Rr3ZwFmJZXsaj7hjE,Ticket To Ride - Live / Remastered,4,Live At The Hollywood Bowl,2016-09-09,0.00313,0.39799999999999996,0.7759999999999999,0.0,9,0.428,-7.997999999999999,1,0.0391,121.012,4,0.34700000000000003
4,https://api.spotify.com/v1/tracks/0WYxVnp9K6RETCRZbtlGHh,0WYxVnp9K6RETCRZbtlGHh,Can't Buy Me Love - Live / Remastered,5,Live At The Hollywood Bowl,2016-09-09,0.00701,0.20800000000000002,0.8490000000000001,0.0,5,0.8959999999999999,-7.593999999999999,1,0.0596,174.72799999999998,4,0.61
5,https://api.spotify.com/v1/tracks/4hlVL09xDgvkoVSIu2zQwD,4hlVL09xDgvkoVSIu2zQwD,Things We Said Today - Live / Remastered,6,Live At The Hollywood Bowl,2016-09-09,0.0594,0.285,0.622,0.0,5,0.639,-8.355,1,0.0425,71.79,4,0.39799999999999996
6,https://api.spotify.com/v1/tracks/3QiwPPktTczwleIy9jUMpS,3QiwPPktTczwleIy9jUMpS,Roll Over Beethoven - Live / Remastered,7,Live At The Hollywood Bowl,2016-09-09,0.00238,0.20199999999999999,0.816,0.0,2,0.5670000000000001,-7.9510000000000005,1,0.0408,179.604,3,0.6809999999999999
7,https://api.spotify.com/v1/tracks/1dxwZJNoDbXn7zfKR2g1S5,1dxwZJNoDbXn7zfKR2g1S5,Boys - Live / Remastered,8,Live At The Hollywood Bowl,2016-09-09,0.03,0.359,0.941,0.000336,9,0.848,-6.125,1,0.114,106.84100000000001,3,0.626
8,https://api.spotify.com/v1/tracks/0P0Jm9mZi11ETImhECDhpq,0P0Jm9mZi11ETImhECDhpq,A Hard Day's Night - Live / Remastered,9,Live At The Hollywood Bowl,2016-09-09,0.0436,0.271,0.8759999999999999,5.98e-06,0,0.9209999999999999,-7.327000000000001,1,0.0547,134.309,4,0.625
9,https://api.spotify.com/v1/tracks/55jAHaYaZtUImilMnroSna,55jAHaYaZtUImilMnroSna,Help! - Live / Remastered,10,Live At The Hollywood Bowl,2016-09-09,0.024,0.425,0.7759999999999999,0.0,11,0.821,-7.148,0,0.0476,95.65700000000001,4,0.48200000000000004
10,https://api.spotify.com/v1/tracks/7j021TxcicWprdXpCcMBeH,7j021TxcicWprdXpCcMBeH,All My Loving - Live / Remastered,11,Live At The Hollywood Bowl,2016-09-09,0.0255,0.214,0.667,0.0,1,0.914,-8.017000000000001,0,0.0358,169.29,5,0.691
11,https://api.spotify.com/v1/tracks/0GUp9QOezipeh6BOV1kguV,0GUp9QOezipeh6BOV1kguV,She Loves You - Live / Remastered,12,Live At The Hollywood Bowl,2016-09-09,0.183,0.217,0.871,0.0,7,0.654,-8.422,1,0.126,74.486,4,0.5429999999999999
12,https://api.spotify.com/v1/tracks/3gluwLob4WQKYDPDKi09Ql,3gluwLob4WQKYDPDKi09Ql,Long Tall Sally - Live / Remastered,13,Live At The Hollywood Bowl,2016-09-09,0.0373,0.377,0.915,0.0,9,0.6809999999999999,-5.945,0,0.0517,90.833,4,0.652
13,https://api.spotify.com/v1/tracks/4Dw9HFzXqmdJRM8vfc1FId,4Dw9HFzXqmdJRM8vfc1FId,You Can't Do That - Live / Bonus Track,14,Live At The Hollywood Bowl,2016-09-09,0.00231,0.313,0.723,0.0,0,0.8170000000000001,-8.342,1,0.0381,67.295,4,0.65
14,https://api.spotify.com/v1/tracks/6ek0XTffa5eUTkwamO0q5B,6ek0XTffa5eUTkwamO0q5B,I Want To Hold Your Hand - Live / Bonus Track,15,Live At The Hollywood Bowl,2016-09-09,0.0173,0.22399999999999998,0.8190000000000001,0.0,7,0.946,-8.354,1,0.0667,140.995,4,0.525
15,https://api.spotify.com/v1/tracks/1WoLOPeSqaijOuhi9Wm7V1,1WoLOPeSqaijOuhi9Wm7V1,Everybodyâ€™s Trying To Be My Baby - Live / Bonus Track,16,Live At The Hollywood Bowl,2016-09-09,0.0391,0.203,0.885,1.04e-06,9,0.485,-5.9110000000000005,1,0.051,176.40599999999998,4,0.611
16,https://api.spotify.com/v1/tracks/5tc3aFZhTcW46vRIk23T6e,5tc3aFZhTcW46vRIk23T6e,Baby's In Black - Live / Bonus Track,17,Live At The Hollywood Bowl,2016-09-09,0.0148,0.191,0.797,0.0,9,0.924,-7.91,1,0.0638,184.144,3,0.606
17,https://api.spotify.com/v1/tracks/4aX3n1Pn6jiCbvqBL8eqyP,4aX3n1Pn6jiCbvqBL8eqyP,Love Me Do - Mono / Remastered,1,1 (Remastered),2000-11-13,0.40399999999999997,0.524,0.88,0.00019099999999999998,0,0.154,-3.865,1,0.0987,148.058,4,0.758
18,https://api.spotify.com/v1/tracks/1euKWJfJSfPhgSendPrcXb,1euKWJfJSfPhgSendPrcXb,From Me To You - Mono / Remastered,2,1 (Remastered),2000-11-13,0.507,0.581,0.821,0.0,0,0.10800000000000001,-4.387,1,0.0318,136.145,4,0.968
19,https://api.spotify.com/v1/tracks/6nEkxYIEnrbYH7h1hJ8Xn6,6nEkxYIEnrbYH7h1hJ8Xn6,She Loves You - Mono / Remastered,3,1 (Remastered),2000-11-13,0.26,0.377,0.9159999999999999,0.0,4,0.07400000000000001,-3.199,0,0.0481,75.533,4,0.912
20,https://api.spotify.com/v1/tracks/4pbG9SUmWIvsROVLF0zF9s,4pbG9SUmWIvsROVLF0zF9s,I Want To Hold Your Hand - Remastered 2015,4,1 (Remastered),2000-11-13,0.386,0.49,0.715,0.0,7,0.311,-5.5489999999999995,1,0.0476,130.726,4,0.866
21,https://api.spotify.com/v1/tracks/38Vb1J5W5LOs0i7SAF76pa,38Vb1J5W5LOs0i7SAF76pa,Can't Buy Me Love - Remastered 2015,5,1 (Remastered),2000-11-13,0.11800000000000001,0.426,0.76,0.0,0,0.325,-4.082,1,0.0414,171.838,4,0.955
22,https://api.spotify.com/v1/tracks/1pctwlBtIcKIjQMzsVcGHB,1pctwlBtIcKIjQMzsVcGHB,A Hard Day's Night - Remastered 2015,6,1 (Remastered),2000-11-13,0.0487,0.546,0.818,0.0,0,0.0983,-4.89,1,0.031,138.561,4,0.7559999999999999
23,https://api.spotify.com/v1/tracks/5hhF25sWnZvXhimOHLjTRE,5hhF25sWnZvXhimOHLjTRE,I Feel Fine - Remastered 2015,7,1 (Remastered),2000-11-13,0.0904,0.564,0.8270000000000001,3.73e-06,7,0.127,-7.0889999999999995,1,0.0283,89.84700000000001,4,0.912
24,https://api.spotify.com/v1/tracks/5ylLypaOksxWd75YrGtx2N,5ylLypaOksxWd75YrGtx2N,Eight Days A Week - Remastered 2015,8,1 (Remastered),2000-11-13,0.265,0.636,0.677,0.0,9,0.215,-5.605,1,0.0316,138.707,4,0.8370000000000001
25,https://api.spotify.com/v1/tracks/7nhrlsT1P4qsslp28UA1BI,7nhrlsT1P4qsslp28UA1BI,Ticket To Ride - Remastered 2015,9,1 (Remastered),2000-11-13,0.0638,0.5539999999999999,0.904,0.0,4,0.259,-6.319,0,0.0536,123.443,4,0.8009999999999999
26,https://api.spotify.com/v1/tracks/3Smida2eCUsLzDcmZqXEZ3,3Smida2eCUsLzDcmZqXEZ3,Help! - Remastered 2015,10,1 (Remastered),2000-11-13,0.149,0.602,0.736,0.0,11,0.0776,-6.51,0,0.0332,94.931,4,0.8190000000000001
27,https://api.spotify.com/v1/tracks/4E5rL7YL0hVUPqeMSpjEF2,4E5rL7YL0hVUPqeMSpjEF2,Yesterday - Remastered 2015,11,1 (Remastered),2000-11-13,0.871,0.401,0.18899999999999997,0.0,0,0.0968,-11.189,1,0.0287,94.509,4,0.35700000000000004
28,https://api.spotify.com/v1/tracks/29b2b96jozyD9GPCkOrVLs,29b2b96jozyD9GPCkOrVLs,Day Tripper - Remastered 2015,12,1 (Remastered),2000-11-13,0.12,0.665,0.782,4.19e-06,6,0.125,-8.437999999999999,0,0.0307,137.453,4,0.731
29,https://api.spotify.com/v1/tracks/1hTUFqJuQAMjXVGwUPWDqi,1hTUFqJuQAMjXVGwUPWDqi,We Can Work It Out - Remastered 2015,13,1 (Remastered),2000-11-13,0.0635,0.37799999999999995,0.677,0.0,2,0.183,-8.63,1,0.0298,106.071,4,0.648
30,https://api.spotify.com/v1/tracks/0Ui8KPWZbJJQ2Y0CIQuVqX,0Ui8KPWZbJJQ2Y0CIQuVqX,Paperback Writer - Remastered 2015,14,1 (Remastered),2000-11-13,0.147,0.47200000000000003,0.856,2.78e-06,7,0.595,-6.03,1,0.0562,78.696,4,0.841
31,https://api.spotify.com/v1/tracks/7zRmGvtSy36Jr19U5OInJT,7zRmGvtSy36Jr19U5OInJT,Yellow Submarine - Remastered 2015,15,1 (Remastered),2000-11-13,0.158,0.66,0.557,0.0,1,0.5429999999999999,-9.597000000000001,1,0.03,110.743,4,0.7879999999999999
32,https://api.spotify.com/v1/tracks/0Wv8IXRUDZOfmFJHC1VOFI,0Wv8IXRUDZOfmFJHC1VOFI,Eleanor Rigby - Remastered 2015,16,1 (Remastered),2000-11-13,0.9159999999999999,0.605,0.314,0.0,0,0.359,-7.631,1,0.0327,138.148,4,0.836
33,https://api.spotify.com/v1/tracks/7afyyi8zn4FzWbcJ70F56V,7afyyi8zn4FzWbcJ70F56V,Penny Lane - Remastered 2015,17,1 (Remastered),2000-11-13,0.0964,0.679,0.5920000000000001,0.0138,9,0.16,-5.962999999999999,1,0.0402,113.265,4,0.55
34,https://api.spotify.com/v1/tracks/6KqiVlOLfDzJViJVAPym1p,6KqiVlOLfDzJViJVAPym1p,All You Need Is Love - Remastered 2015,18,1 (Remastered),2000-11-13,0.43700000000000006,0.397,0.625,5.47e-06,7,0.263,-5.829,1,0.0347,104.54,4,0.6759999999999999
35,https://api.spotify.com/v1/tracks/0hqjsgWRfMBf2s8xsvRq1M,0hqjsgWRfMBf2s8xsvRq1M,"Hello, Goodbye - Remastered 2015",19,1 (Remastered),2000-11-13,0.402,0.498,0.8059999999999999,5.74e-06,0,0.525,-5.284,1,0.0265,99.396,4,0.664
36,https://api.spotify.com/v1/tracks/1raiIrqaqRAqZmQWZlLuBd,1raiIrqaqRAqZmQWZlLuBd,Lady Madonna - Remastered 2015,20,1 (Remastered),2000-11-13,0.141,0.65,0.777,0.34299999999999997,2,0.215,-4.984,1,0.0294,109.60799999999999,4,0.574
37,https://api.spotify.com/v1/tracks/0aym2LBJBk9DAYuHHutrIl,0aym2LBJBk9DAYuHHutrIl,Hey Jude - Remastered 2015,21,1 (Remastered),2000-11-13,0.0112,0.386,0.607,1.3800000000000002e-05,10,0.08800000000000001,-7.7,1,0.0261,147.207,4,0.532
38,https://api.spotify.com/v1/tracks/6zmQ8bzlDIfngjy0Ba3w46,6zmQ8bzlDIfngjy0Ba3w46,Get Back - Remastered 2015,22,1 (Remastered),2000-11-13,0.18600000000000003,0.703,0.636,0.0256,7,0.0959,-7.579,1,0.0376,122.921,4,0.218
39,https://api.spotify.com/v1/tracks/1F7s27lLKshLPt9TPCgMDL,1F7s27lLKshLPt9TPCgMDL,The Ballad Of John And Yoko - Remastered 2015,23,1 (Remastered),2000-11-13,0.00465,0.6509999999999999,0.892,2.85e-06,4,0.127,-6.551,1,0.0313,135.309,4,0.9620000000000001
40,https://api.spotify.com/v1/tracks/7mzNk14FElnA5DOKQyBrM0,7mzNk14FElnA5DOKQyBrM0,Something - Remastered 2015,24,1 (Remastered),2000-11-13,0.302,0.449,0.375,2.41e-06,0,0.14400000000000002,-9.329,1,0.0286,133.845,4,0.466
41,https://api.spotify.com/v1/tracks/3CEFDHJSiERlfwRujZ1CkJ,3CEFDHJSiERlfwRujZ1CkJ,Come Together - Remastered 2015,25,1 (Remastered),2000-11-13,0.0601,0.5589999999999999,0.34299999999999997,0.138,9,0.1,-13.072000000000001,0,0.0424,164.53,4,0.183
42,https://api.spotify.com/v1/tracks/4qsVPnhbvEooD1bSNqvvh0,4qsVPnhbvEooD1bSNqvvh0,Let It Be - Remastered 2015,26,1 (Remastered),2000-11-13,0.58,0.445,0.436,2.6300000000000002e-05,0,0.11199999999999999,-8.536,1,0.0332,139.84799999999998,4,0.483
43,https://api.spotify.com/v1/tracks/5xhP99gVBIkpr7omcdCeiy,5xhP99gVBIkpr7omcdCeiy,The Long And Winding Road - Remastered 2015,27,1 (Remastered),2000-11-13,0.667,0.326,0.365,0.000523,3,0.0718,-8.776,1,0.0265,133.084,4,0.314
44,https://api.spotify.com/v1/tracks/0CaBBQsaAiRHhiLmzi7ZRp,0CaBBQsaAiRHhiLmzi7ZRp,Two Of Us - Remastered,1,Let It Be (Remastered),1970-05-08,0.0974,0.726,0.7020000000000001,3.46e-05,7,0.239,-10.757,1,0.032,109.11399999999999,4,0.9309999999999999
45,https://api.spotify.com/v1/tracks/4OUmlC67FoPLvQNuE5C7kF,4OUmlC67FoPLvQNuE5C7kF,Dig A Pony - Remastered,2,Let It Be (Remastered),1970-05-08,0.47200000000000003,0.5379999999999999,0.478,0.0,11,0.17,-8.957,0,0.0388,59.004,4,0.527
46,https://api.spotify.com/v1/tracks/4dkoqJrP0L8FXftrMZongF,4dkoqJrP0L8FXftrMZongF,Across The Universe - Remastered,3,Let It Be (Remastered),1970-05-08,0.361,0.257,0.41200000000000003,8.68e-05,1,0.0702,-11.788,1,0.0287,152.126,4,0.858
47,https://api.spotify.com/v1/tracks/2BMqay80iBzZTa608Y1eG1,2BMqay80iBzZTa608Y1eG1,I Me Mine - Remastered,4,Let It Be (Remastered),1970-05-08,0.179,0.29100000000000004,0.638,0.0,9,0.10099999999999999,-7.854,0,0.0554,185.235,3,0.525
48,https://api.spotify.com/v1/tracks/0eRyOunOVBChlXxIvqwOxH,0eRyOunOVBChlXxIvqwOxH,Dig It - Remastered,5,Let It Be (Remastered),1970-05-08,0.659,0.54,0.489,0.0019,5,0.457,-12.276,1,0.11699999999999999,157.03,3,0.67
49,https://api.spotify.com/v1/tracks/7iN1s7xHE4ifF5povM6A48,7iN1s7xHE4ifF5povM6A48,Let It Be - Remastered,6,Let It Be (Remastered),1970-05-08,0.631,0.44299999999999995,0.40299999999999997,0.0,0,0.111,-8.339,1,0.0322,143.46200000000002,4,0.41
50,https://api.spotify.com/v1/tracks/2VsX1BoWSGiuVXGiFSUr6h,2VsX1BoWSGiuVXGiFSUr6h,Maggie Mae - Remastered,7,Let It Be (Remastered),1970-05-08,0.379,0.516,0.515,0.0,2,0.10300000000000001,-12.035,0,0.215,169.03900000000002,4,0.524
51,https://api.spotify.com/v1/tracks/3gwRWIbr5ycEVLIAXrWaw7,3gwRWIbr5ycEVLIAXrWaw7,I've Got A Feeling - Remastered,8,Let It Be (Remastered),1970-05-08,0.0715,0.44,0.609,0.0,2,0.5820000000000001,-8.824,1,0.0358,165.15599999999998,4,0.364
52,https://api.spotify.com/v1/tracks/50qHmeex1nPTyQTwBXjSE4,50qHmeex1nPTyQTwBXjSE4,One After 909 - Remastered,9,Let It Be (Remastered),1970-05-08,0.0307,0.5539999999999999,0.828,0.0,4,0.907,-6.435,1,0.0739,90.95,4,0.888
53,https://api.spotify.com/v1/tracks/3mlMpmY8oZIBFc39D9zLbh,3mlMpmY8oZIBFc39D9zLbh,The Long And Winding Road - Remastered,10,Let It Be (Remastered),1970-05-08,0.7559999999999999,0.299,0.32899999999999996,0.0105,3,0.0559,-10.096,1,0.0279,132.282,4,0.392
54,https://api.spotify.com/v1/tracks/5dpRJkvY8oWMQmQbEQTXhO,5dpRJkvY8oWMQmQbEQTXhO,For You Blue - Remastered,11,Let It Be (Remastered),1970-05-08,0.24,0.88,0.556,0.0483,2,0.24,-10.773,1,0.0855,128.542,4,0.955
55,https://api.spotify.com/v1/tracks/4MLBqAEzNN89o2M9h92Z26,4MLBqAEzNN89o2M9h92Z26,Get Back - Remastered,12,Let It Be (Remastered),1970-05-08,0.49200000000000005,0.7609999999999999,0.5920000000000001,0.00626,2,0.61,-9.836,1,0.0586,123.095,4,0.332
56,https://api.spotify.com/v1/tracks/2EqlS6tkEnglzr7tkKAAYD,2EqlS6tkEnglzr7tkKAAYD,Come Together - Remastered,1,Abbey Road (Remastered),1969-09-26,0.0302,0.5329999999999999,0.376,0.248,9,0.0926,-11.913,0,0.0393,165.007,4,0.187
57,https://api.spotify.com/v1/tracks/0pNeVovbiZHkulpGeOx1Gj,0pNeVovbiZHkulpGeOx1Gj,Something - Remastered,2,Abbey Road (Remastered),1969-09-26,0.198,0.396,0.33799999999999997,2.62e-06,0,0.138,-10.872,1,0.0304,133.52200000000002,4,0.377
58,https://api.spotify.com/v1/tracks/2S8xyNRJX1XQdo3qnTuovI,2S8xyNRJX1XQdo3qnTuovI,Maxwell's Silver Hammer - Remastered,3,Abbey Road (Remastered),1969-09-26,0.629,0.764,0.426,0.00011899999999999999,2,0.132,-11.045,1,0.0405,131.12,4,0.726
59,https://api.spotify.com/v1/tracks/2mxByJWOajjiVsLWjNXvDJ,2mxByJWOajjiVsLWjNXvDJ,Oh! Darling - Remastered,4,Abbey Road (Remastered),1969-09-26,0.0126,0.42200000000000004,0.6559999999999999,0.0279,4,0.268,-8.412,1,0.0397,173.93,3,0.5489999999999999
60,https://api.spotify.com/v1/tracks/0suLngfo7rJoetk7Ub6N8l,0suLngfo7rJoetk7Ub6N8l,Octopus's Garden - Remastered,5,Abbey Road (Remastered),1969-09-26,0.155,0.626,0.512,4.6500000000000005e-05,1,0.215,-9.15,0,0.0247,92.225,4,0.73
61,https://api.spotify.com/v1/tracks/3Z25k4ZF6QENy2d9YatsM5,3Z25k4ZF6QENy2d9YatsM5,I Want You (She's So Heavy) - Remastered,6,Abbey Road (Remastered),1969-09-26,0.0233,0.37,0.515,0.205,2,0.0966,-9.487,0,0.0321,115.73200000000001,4,0.42
62,https://api.spotify.com/v1/tracks/6dGnYIeXmHdcikdzNNDMm2,6dGnYIeXmHdcikdzNNDMm2,Here Comes The Sun - Remastered,7,Abbey Road (Remastered),1969-09-26,0.0339,0.557,0.54,0.00248,9,0.179,-10.484000000000002,1,0.0347,129.171,4,0.39399999999999996
63,https://api.spotify.com/v1/tracks/1rxoyGj1QuPoVi8fOft1Kt,1rxoyGj1QuPoVi8fOft1Kt,Because - Remastered,8,Abbey Road (Remastered),1969-09-26,0.754,0.32799999999999996,0.249,5.77e-06,2,0.134,-11.777000000000001,1,0.0272,81.257,4,0.162
64,https://api.spotify.com/v1/tracks/1jOLTO379yIu9aMnCkpMQl,1jOLTO379yIu9aMnCkpMQl,You Never Give Me Your Money - Remastered,9,Abbey Road (Remastered),1969-09-26,0.345,0.335,0.41600000000000004,0.136,0,0.11599999999999999,-11.050999999999998,1,0.0348,174.46400000000003,3,0.223
65,https://api.spotify.com/v1/tracks/4nwKdZID1ht0lDBJ5h2p87,4nwKdZID1ht0lDBJ5h2p87,Sun King - Remastered,10,Abbey Road (Remastered),1969-09-26,0.284,0.483,0.177,0.499,2,0.11599999999999999,-17.629,1,0.0277,74.994,4,0.192
66,https://api.spotify.com/v1/tracks/4JOyMhad5dD81uGYLGgKrS,4JOyMhad5dD81uGYLGgKrS,Mean Mr Mustard - Remastered,11,Abbey Road (Remastered),1969-09-26,0.0699,0.6759999999999999,0.596,1.9600000000000002e-05,4,0.35100000000000003,-9.107000000000001,1,0.0272,100.68700000000001,4,0.97
67,https://api.spotify.com/v1/tracks/1FTCA6wQwulQFokDddKE68,1FTCA6wQwulQFokDddKE68,Polythene Pam - Remastered,12,Abbey Road (Remastered),1969-09-26,0.00472,0.474,0.9390000000000001,0.674,11,0.19,-8.884,0,0.19899999999999998,166.829,4,0.499
68,https://api.spotify.com/v1/tracks/2jtUGFsqanQ82zqDlhiKIp,2jtUGFsqanQ82zqDlhiKIp,She Came In Through The Bathroom Window - Remastered,13,Abbey Road (Remastered),1969-09-26,0.0037600000000000003,0.53,0.72,3.3799999999999995e-05,2,0.314,-8.793,1,0.0338,80.652,4,0.69
69,https://api.spotify.com/v1/tracks/01SfTM5nfCou5gQL70r6gs,01SfTM5nfCou5gQL70r6gs,Golden Slumbers - Remastered,14,Abbey Road (Remastered),1969-09-26,0.326,0.419,0.152,0.0034,0,0.113,-12.126,1,0.0277,80.608,4,0.239
70,https://api.spotify.com/v1/tracks/5eZrW59C3UgBhkqNlowEID,5eZrW59C3UgBhkqNlowEID,Carry That Weight - Remastered,15,Abbey Road (Remastered),1969-09-26,0.226,0.5429999999999999,0.45799999999999996,0.00663,0,0.298,-8.976,1,0.0274,84.319,4,0.7040000000000001
71,https://api.spotify.com/v1/tracks/5aHHf6jrqDRb1fcBmue2kn,5aHHf6jrqDRb1fcBmue2kn,The End - Remastered,16,Abbey Road (Remastered),1969-09-26,0.00101,0.647,0.48700000000000004,0.285,11,0.138,-10.119,0,0.0689,123.444,1,0.222
72,https://api.spotify.com/v1/tracks/6UCFZ9ZOFRxK8oak7MdPZu,6UCFZ9ZOFRxK8oak7MdPZu,Her Majesty - Remastered,17,Abbey Road (Remastered),1969-09-26,0.728,0.703,0.215,1.23e-06,2,0.13,-23.03,1,0.0892,100.874,3,0.522
73,https://api.spotify.com/v1/tracks/3oEo8Pqm5IAi8wQfCI5BpR,3oEo8Pqm5IAi8wQfCI5BpR,Yellow Submarine - Remastered,1,Yellow Submarine (Remastered),1969-01-17,0.518,0.605,0.536,0.0,1,0.528,-10.068999999999999,1,0.0421,110.84899999999999,4,0.688
74,https://api.spotify.com/v1/tracks/4phXWLTSlC1BEogSWhJMDD,4phXWLTSlC1BEogSWhJMDD,Only A Northern Song - Remastered,2,Yellow Submarine (Remastered),1969-01-17,0.000341,0.175,0.731,0.0007509999999999999,9,0.0846,-8.341000000000001,1,0.0705,209.24200000000002,4,0.8009999999999999
75,https://api.spotify.com/v1/tracks/2ck8lFrYAch2GPtdhpTHe3,2ck8lFrYAch2GPtdhpTHe3,All Together Now - Remastered,3,Yellow Submarine (Remastered),1969-01-17,0.0722,0.5870000000000001,0.431,0.0,2,0.561,-9.495,1,0.0686,95.93700000000001,4,0.778
76,https://api.spotify.com/v1/tracks/5xYC2ZJJ9TMJL8BOl85O2R,5xYC2ZJJ9TMJL8BOl85O2R,Hey Bulldog - Remastered,4,Yellow Submarine (Remastered),1969-01-17,0.0197,0.5870000000000001,0.617,0.639,7,0.19899999999999998,-9.164,1,0.027999999999999997,100.495,4,0.9470000000000001
77,https://api.spotify.com/v1/tracks/2bQZ9BBhP7vSBiyDz7KXnv,2bQZ9BBhP7vSBiyDz7KXnv,It's All Too Much - Remastered,5,Yellow Submarine (Remastered),1969-01-17,4.3e-05,0.39,0.7809999999999999,0.41200000000000003,7,0.1,-7.877999999999999,1,0.0364,113.51100000000001,4,0.19899999999999998
78,https://api.spotify.com/v1/tracks/2Z8cY4QpZTFUZxCQCpvNe1,2Z8cY4QpZTFUZxCQCpvNe1,All You Need Is Love - Remastered,6,Yellow Submarine (Remastered),1969-01-17,0.345,0.4,0.46299999999999997,4.59e-05,7,0.28600000000000003,-8.455,1,0.0288,103.103,4,0.627
79,https://api.spotify.com/v1/tracks/1y8kq7M3tBw4zAttsZMya8,1y8kq7M3tBw4zAttsZMya8,Pepperland - Remastered,7,Yellow Submarine (Remastered),1969-01-17,0.6609999999999999,0.354,0.281,0.763,7,0.243,-12.434000000000001,1,0.032,113.126,4,0.36700000000000005
80,https://api.spotify.com/v1/tracks/6FvhNdlAom6yYHa8ekAaAM,6FvhNdlAom6yYHa8ekAaAM,Sea Of Time - Remastered,8,Yellow Submarine (Remastered),1969-01-17,0.971,0.237,0.096,0.0961,2,0.203,-20.629,0,0.0387,128.054,4,0.0629
81,https://api.spotify.com/v1/tracks/6n42oei7aEx2I0dcluKAGx,6n42oei7aEx2I0dcluKAGx,Sea Of Holes - Remastered,9,Yellow Submarine (Remastered),1969-01-17,0.9590000000000001,0.249,0.0994,0.9259999999999999,6,0.45399999999999996,-19.266,0,0.04,118.99,3,0.0357
82,https://api.spotify.com/v1/tracks/30u8QyT0kBSYO5RcZmaLl3,30u8QyT0kBSYO5RcZmaLl3,Sea Of Monsters - Remastered,10,Yellow Submarine (Remastered),1969-01-17,0.945,0.253,0.166,0.862,9,0.135,-16.624000000000002,1,0.0346,83.971,3,0.0489
83,https://api.spotify.com/v1/tracks/7zJKIrxcH2jY4TOqpvoLvH,7zJKIrxcH2jY4TOqpvoLvH,March Of The Meanies - Remastered,11,Yellow Submarine (Remastered),1969-01-17,0.934,0.5379999999999999,0.37799999999999995,0.758,9,0.456,-14.117,0,0.0387,117.185,4,0.16
84,https://api.spotify.com/v1/tracks/0rHHNFcUgB0zlzCk4MVluw,0rHHNFcUgB0zlzCk4MVluw,Pepperland Laid Waste - Remastered,12,Yellow Submarine (Remastered),1969-01-17,0.877,0.26899999999999996,0.0902,0.821,8,0.302,-23.018,0,0.042,82.42299999999999,4,0.0462
85,https://api.spotify.com/v1/tracks/7ExawMDcRz2lMgNEjjYzdr,7ExawMDcRz2lMgNEjjYzdr,Yellow Submarine In Pepperland - Remastered,13,Yellow Submarine (Remastered),1969-01-17,0.8079999999999999,0.406,0.21899999999999997,0.599,7,0.15,-13.155,1,0.0359,105.345,4,0.271
86,https://api.spotify.com/v1/tracks/0j3p1p06deJ7f9xmJ9yG22,0j3p1p06deJ7f9xmJ9yG22,Back In The U.S.S.R. - Remastered,1,The Beatles (Remastered),1968-11-22,0.069,0.48,0.9690000000000001,0.00022,9,0.0608,-7.4639999999999995,1,0.0854,142.489,4,0.494
87,https://api.spotify.com/v1/tracks/5NQYyej46WQkgCbnzGD21W,5NQYyej46WQkgCbnzGD21W,Dear Prudence - Remastered,2,The Beatles (Remastered),1968-11-22,0.16,0.38799999999999996,0.529,0.0681,7,0.10800000000000001,-10.533,1,0.0436,150.721,4,0.332
88,https://api.spotify.com/v1/tracks/2jAojvUaPoHPFSPpF0UNRo,2jAojvUaPoHPFSPpF0UNRo,Glass Onion - Remastered,3,The Beatles (Remastered),1968-11-22,0.0123,0.523,0.51,8.379999999999999e-05,7,0.10800000000000001,-9.827,0,0.0514,120.432,4,0.789
89,https://api.spotify.com/v1/tracks/1gFNm7cXfG1vSMcxPpSxec,1gFNm7cXfG1vSMcxPpSxec,"Ob-La-Di, Ob-La-Da - Remastered",4,The Beatles (Remastered),1968-11-22,0.23199999999999998,0.818,0.728,0.0642,10,0.251,-8.331,1,0.0314,113.059,4,0.975
90,https://api.spotify.com/v1/tracks/6j67aNAPeQ31uw4qw4rpLa,6j67aNAPeQ31uw4qw4rpLa,Wild Honey Pie - Remastered,5,The Beatles (Remastered),1968-11-22,0.425,0.792,0.763,0.627,2,0.789,-11.185,1,0.0506,89.9,4,0.152
91,https://api.spotify.com/v1/tracks/5Z3Rd1fMcaty8g5Pn7yhBQ,5Z3Rd1fMcaty8g5Pn7yhBQ,The Continuing Story Of Bungalow Bill - Remastered,6,The Beatles (Remastered),1968-11-22,0.22399999999999998,0.621,0.45899999999999996,0.0,0,0.6559999999999999,-10.414000000000001,1,0.10400000000000001,114.816,4,0.648
92,https://api.spotify.com/v1/tracks/389QX9Q1eUOEZ19vtzzI9O,389QX9Q1eUOEZ19vtzzI9O,While My Guitar Gently Weeps - Remastered,7,The Beatles (Remastered),1968-11-22,0.0205,0.45299999999999996,0.654,0.00395,4,0.172,-8.855,0,0.0317,115.0,4,0.7020000000000001
93,https://api.spotify.com/v1/tracks/71LsKf3xISiOlY1mj7FFPP,71LsKf3xISiOlY1mj7FFPP,Happiness Is A Warm Gun - Remastered,8,The Beatles (Remastered),1968-11-22,0.523,0.431,0.54,1.34e-06,9,0.16899999999999998,-9.6,0,0.0589,139.28799999999998,4,0.44
94,https://api.spotify.com/v1/tracks/1swmf4hFMJYRNA8Rq9PVaW,1swmf4hFMJYRNA8Rq9PVaW,Martha My Dear - Remastered,9,The Beatles (Remastered),1968-11-22,0.872,0.47200000000000003,0.292,0.0007,10,0.128,-11.591,1,0.0321,177.62400000000002,4,0.8240000000000001
95,https://api.spotify.com/v1/tracks/2X9H5BokS1u5O46YpNYNsZ,2X9H5BokS1u5O46YpNYNsZ,I'm So Tired - Remastered,10,The Beatles (Remastered),1968-11-22,0.6559999999999999,0.433,0.483,2.64e-05,9,0.539,-9.422,1,0.175,68.492,4,0.7170000000000001
96,https://api.spotify.com/v1/tracks/5jgFfDIR6FR0gvlA56Nakr,5jgFfDIR6FR0gvlA56Nakr,Blackbird - Remastered,11,The Beatles (Remastered),1968-11-22,0.754,0.6859999999999999,0.127,1.4099999999999999e-05,7,0.0573,-14.360999999999999,1,0.0342,93.699,4,0.37200000000000005
97,https://api.spotify.com/v1/tracks/4ZmjfLdJXbqjAENqk7eWSE,4ZmjfLdJXbqjAENqk7eWSE,Piggies - Remastered,12,The Beatles (Remastered),1968-11-22,0.643,0.542,0.445,0.0,8,0.516,-9.105,1,0.0303,93.245,4,0.52
98,https://api.spotify.com/v1/tracks/1ITQbrueGLl581a25XXm9c,1ITQbrueGLl581a25XXm9c,Rocky Raccoon - Remastered,13,The Beatles (Remastered),1968-11-22,0.33299999999999996,0.599,0.363,0.0,7,0.243,-11.728,1,0.0315,79.456,4,0.648
99,https://api.spotify.com/v1/tracks/4zq4rrfHZeZsTbo5vjJXSV,4zq4rrfHZeZsTbo5vjJXSV,Don't Pass Me By - Remastered,14,The Beatles (Remastered),1968-11-22,0.594,0.599,0.537,1.92e-05,0,0.19399999999999998,-9.617,1,0.0254,84.895,4,0.946
100,https://api.spotify.com/v1/tracks/4eLIq1nQNwz2qLu8DeiWIp,4eLIq1nQNwz2qLu8DeiWIp,Why Don't We Do It In The Road? - Remastered,15,The Beatles (Remastered),1968-11-22,0.53,0.589,0.522,0.00024300000000000002,2,0.0993,-8.718,1,0.0521,187.688,4,0.9570000000000001
101,https://api.spotify.com/v1/tracks/09x9v1o51dbqi5H0u7UGfp,09x9v1o51dbqi5H0u7UGfp,I Will - Remastered,16,The Beatles (Remastered),1968-11-22,0.742,0.631,0.387,0.00040599999999999995,5,0.0822,-11.529000000000002,1,0.0262,103.11,4,0.8320000000000001
102,https://api.spotify.com/v1/tracks/5FnpXVgDOk2sLT58qM22Of,5FnpXVgDOk2sLT58qM22Of,Julia - Remastered,17,The Beatles (Remastered),1968-11-22,0.828,0.512,0.0953,0.000268,2,0.11699999999999999,-16.082,1,0.0304,134.70600000000002,4,0.193
103,https://api.spotify.com/v1/tracks/1ABegtCPBMMJaMpfDyATjE,1ABegtCPBMMJaMpfDyATjE,Birthday - Remastered,1,The Beatles (Remastered),1968-11-22,7.37e-05,0.541,0.727,0.7170000000000001,2,0.23199999999999998,-7.5089999999999995,1,0.0384,139.239,4,0.91
104,https://api.spotify.com/v1/tracks/2AsGApoUuN8pTM17Lq9eUd,2AsGApoUuN8pTM17Lq9eUd,Yer Blues - Remastered,2,The Beatles (Remastered),1968-11-22,0.000875,0.327,0.525,0.259,9,0.133,-10.272,1,0.0475,151.766,3,0.435
105,https://api.spotify.com/v1/tracks/6TjUg1cTUzWHbal6yQAi7c,6TjUg1cTUzWHbal6yQAi7c,Mother Nature's Son - Remastered,3,The Beatles (Remastered),1968-11-22,0.634,0.608,0.17800000000000002,0.35200000000000004,2,0.166,-17.109,1,0.0264,84.78,4,0.401
106,https://api.spotify.com/v1/tracks/64P3zpRsDHIk7YTpRtaKYL,64P3zpRsDHIk7YTpRtaKYL,Everybody's Got Something To Hide Except Me And My Monkey - Remastered,4,The Beatles (Remastered),1968-11-22,0.0207,0.523,0.731,0.00046399999999999995,2,0.081,-8.613,1,0.0559,117.089,4,0.81
107,https://api.spotify.com/v1/tracks/2tBv9tAdqEbLNDi5smSjbg,2tBv9tAdqEbLNDi5smSjbg,Sexy Sadie - Remastered,5,The Beatles (Remastered),1968-11-22,0.33,0.5770000000000001,0.624,0.006220000000000001,0,0.11699999999999999,-9.626,1,0.0285,75.47800000000001,4,0.6709999999999999
108,https://api.spotify.com/v1/tracks/0Bs0hUYxz7REyIHH7tRhL2,0Bs0hUYxz7REyIHH7tRhL2,Helter Skelter - Remastered,6,The Beatles (Remastered),1968-11-22,0.000606,0.166,0.831,0.846,9,0.8109999999999999,-8.469,1,0.0894,167.518,4,0.281
109,https://api.spotify.com/v1/tracks/40d2EcaOOCUjDzzo2YvUWn,40d2EcaOOCUjDzzo2YvUWn,"Long, Long, Long - Remastered",7,The Beatles (Remastered),1968-11-22,0.539,0.349,0.129,0.405,5,0.192,-15.883,1,0.0294,104.837,3,0.163
110,https://api.spotify.com/v1/tracks/1aOzDhi5a1RWWRy5dmYA8I,1aOzDhi5a1RWWRy5dmYA8I,Revolution 1 - Remastered,8,The Beatles (Remastered),1968-11-22,0.0785,0.386,0.626,0.00164,9,0.621,-9.451,1,0.0377,98.425,4,0.695
111,https://api.spotify.com/v1/tracks/1TPcNcmuKlq0PKpYOBgP1U,1TPcNcmuKlq0PKpYOBgP1U,Honey Pie - Remastered,9,The Beatles (Remastered),1968-11-22,0.88,0.537,0.297,1.4999999999999999e-05,7,0.145,-15.452,1,0.0822,144.197,4,0.5529999999999999
112,https://api.spotify.com/v1/tracks/5iyCSUM7zzficwaGo8GIoc,5iyCSUM7zzficwaGo8GIoc,Savoy Truffle - Remastered,10,The Beatles (Remastered),1968-11-22,0.008140000000000001,0.623,0.544,0.309,11,0.134,-11.043,0,0.0536,120.76100000000001,4,0.7929999999999999
113,https://api.spotify.com/v1/tracks/5XmetMMUFNXClbiYnGdVmP,5XmetMMUFNXClbiYnGdVmP,Cry Baby Cry - Remastered,11,The Beatles (Remastered),1968-11-22,0.115,0.517,0.529,0.00396,9,0.174,-11.850999999999999,0,0.0323,76.64399999999999,4,0.36200000000000004
114,https://api.spotify.com/v1/tracks/5dZ8PeKKZJLIQAWNTdp8WX,5dZ8PeKKZJLIQAWNTdp8WX,Revolution 9 - Remastered,12,The Beatles (Remastered),1968-11-22,0.769,0.20800000000000002,0.615,0.11800000000000001,2,0.8240000000000001,-15.297,0,0.342,91.15799999999999,4,0.10099999999999999
115,https://api.spotify.com/v1/tracks/3T4Kt51PV4k8tx6YCtBgcl,3T4Kt51PV4k8tx6YCtBgcl,Good Night - Remastered,13,The Beatles (Remastered),1968-11-22,0.865,0.146,0.355,0.835,7,0.114,-14.583,1,0.0352,146.408,3,0.17800000000000002
116,https://api.spotify.com/v1/tracks/0qHMhBZqYb99yhX9BHcIkV,0qHMhBZqYb99yhX9BHcIkV,Magical Mystery Tour - Remastered,1,Magical Mystery Tour (Remastered),1967-11-27,0.0385,0.297,0.613,3.98e-05,9,0.0734,-9.065,1,0.0931,170.96200000000002,4,0.33799999999999997
117,https://api.spotify.com/v1/tracks/6rHh8urosEFRI67xVa6fzU,6rHh8urosEFRI67xVa6fzU,The Fool On The Hill - Remastered,2,Magical Mystery Tour (Remastered),1967-11-27,0.9129999999999999,0.35600000000000004,0.26,2.1000000000000002e-06,4,0.105,-10.577,0,0.0314,144.184,4,0.49
118,https://api.spotify.com/v1/tracks/1itLKsCWHtLnxALkgBk1Fa,1itLKsCWHtLnxALkgBk1Fa,Flying - Remastered,3,Magical Mystery Tour (Remastered),1967-11-27,0.368,0.551,0.395,0.88,0,0.0932,-14.755,1,0.0501,92.929,4,0.261
119,https://api.spotify.com/v1/tracks/0QIX9BS0AUCQcHYvyrsMkV,0QIX9BS0AUCQcHYvyrsMkV,Blue Jay Way - Remastered,4,Magical Mystery Tour (Remastered),1967-11-27,0.0258,0.294,0.40700000000000003,0.00021899999999999998,0,0.0852,-11.575,1,0.0308,101.052,4,0.0378
120,https://api.spotify.com/v1/tracks/1dxbAIfCASqv6jix2R1Taj,1dxbAIfCASqv6jix2R1Taj,Your Mother Should Know - Remastered,5,Magical Mystery Tour (Remastered),1967-11-27,0.784,0.698,0.293,0.0106,0,0.0936,-11.360999999999999,1,0.0332,117.613,4,0.7240000000000001
121,https://api.spotify.com/v1/tracks/6Pq9MmkDQYZiiCDpxnvrf6,6Pq9MmkDQYZiiCDpxnvrf6,I Am The Walrus - Remastered,6,Magical Mystery Tour (Remastered),1967-11-27,0.0828,0.401,0.556,0.000359,2,0.589,-10.532,1,0.0513,85.206,4,0.654
122,https://api.spotify.com/v1/tracks/0vZ97gHhemKm6c64hTfJNA,0vZ97gHhemKm6c64hTfJNA,"Hello, Goodbye - Remastered",7,Magical Mystery Tour (Remastered),1967-11-27,0.306,0.479,0.733,2.4e-05,0,0.414,-8.753,1,0.0256,99.307,4,0.8059999999999999
123,https://api.spotify.com/v1/tracks/3Am0IbOxmvlSXro7N5iSfZ,3Am0IbOxmvlSXro7N5iSfZ,Strawberry Fields Forever - Remastered,8,Magical Mystery Tour (Remastered),1967-11-27,0.336,0.39,0.502,0.000138,10,0.0713,-12.277000000000001,1,0.17800000000000002,97.87100000000001,4,0.289
124,https://api.spotify.com/v1/tracks/1h04XMpzGzmAudoI6VHBgA,1h04XMpzGzmAudoI6VHBgA,Penny Lane - Remastered,9,Magical Mystery Tour (Remastered),1967-11-27,0.212,0.6509999999999999,0.488,0.026000000000000002,9,0.136,-8.22,1,0.0316,113.038,4,0.49
125,https://api.spotify.com/v1/tracks/0JBvtprXP2Z0LP3jmzA7Xp,0JBvtprXP2Z0LP3jmzA7Xp,"Baby, You're A Rich Man - Remastered",10,Magical Mystery Tour (Remastered),1967-11-27,0.0119,0.619,0.625,1.05e-06,7,0.152,-9.635,1,0.036000000000000004,96.751,4,0.467
126,https://api.spotify.com/v1/tracks/68BTFws92cRztMS1oQ7Ewj,68BTFws92cRztMS1oQ7Ewj,All You Need Is Love - Remastered,11,Magical Mystery Tour (Remastered),1967-11-27,0.34600000000000003,0.4,0.48,3.1e-05,7,0.155,-7.768,1,0.0295,103.436,4,0.653
127,https://api.spotify.com/v1/tracks/3J2RmOkB4VRBv4N66Nor0y,3J2RmOkB4VRBv4N66Nor0y,Sgt. Pepper's Lonely Hearts Club Band - Remix,1,Sgt. Pepper's Lonely Hearts Club Band (Deluxe Edition),1967-06-01,0.0341,0.361,0.857,0.00624,7,0.86,-6.6,1,0.163,95.11399999999999,4,0.523
128,https://api.spotify.com/v1/tracks/2YsKxAJKUJx93BKxzQ3RTr,2YsKxAJKUJx93BKxzQ3RTr,With A Little Help From My Friends - Remix,2,Sgt. Pepper's Lonely Hearts Club Band (Deluxe Edition),1967-06-01,0.126,0.643,0.605,0.0,4,0.262,-6.997999999999999,1,0.0295,112.057,4,0.794
129,https://api.spotify.com/v1/tracks/5od7xyJpszivAXNkBc5SL8,5od7xyJpszivAXNkBc5SL8,Lucy In The Sky With Diamonds - Remix,3,Sgt. Pepper's Lonely Hearts Club Band (Deluxe Edition),1967-06-01,0.0907,0.318,0.53,0.0,2,0.145,-6.521,1,0.0369,137.423,3,0.423
130,https://api.spotify.com/v1/tracks/3liuLCzIoOhduPXp8kbHHA,3liuLCzIoOhduPXp8kbHHA,Getting Better - Remix,4,Sgt. Pepper's Lonely Hearts Club Band (Deluxe Edition),1967-06-01,0.0913,0.598,0.551,0.0,0,0.0958,-6.909,1,0.0308,121.959,4,0.8170000000000001
131,https://api.spotify.com/v1/tracks/5L3ltLBs4BQADp6FgEipr7,5L3ltLBs4BQADp6FgEipr7,Fixing A Hole - Remix,5,Sgt. Pepper's Lonely Hearts Club Band (Deluxe Edition),1967-06-01,0.503,0.405,0.644,0.0,0,0.0681,-7.115,0,0.0495,111.667,4,0.52
132,https://api.spotify.com/v1/tracks/3mjQT6aE0mvrffreC9OvWa,3mjQT6aE0mvrffreC9OvWa,She's Leaving Home - Remix,6,Sgt. Pepper's Lonely Hearts Club Band (Deluxe Edition),1967-06-01,0.879,0.37200000000000005,0.32,0.0,0,0.10800000000000001,-9.724,1,0.0315,130.97,4,0.251
133,https://api.spotify.com/v1/tracks/3mMv7l7eHDHgpJqJvjXdWx,3mMv7l7eHDHgpJqJvjXdWx,Being For The Benefit Of Mr. Kite! - Remix,7,Sgt. Pepper's Lonely Hearts Club Band (Deluxe Edition),1967-06-01,0.13,0.24600000000000002,0.743,0.0,9,0.19,-5.224,0,0.0526,83.339,1,0.623
134,https://api.spotify.com/v1/tracks/0zOVNfqK09eYVHhv5N3lNY,0zOVNfqK09eYVHhv5N3lNY,Within You Without You - Remix,8,Sgt. Pepper's Lonely Hearts Club Band (Deluxe Edition),1967-06-01,0.325,0.292,0.545,5.9499999999999996e-05,6,0.306,-8.475,1,0.0352,124.251,4,0.365
135,https://api.spotify.com/v1/tracks/1aIwEwu8BE3s5j7hmvZRt9,1aIwEwu8BE3s5j7hmvZRt9,When I'm Sixty-Four - Remix,9,Sgt. Pepper's Lonely Hearts Club Band (Deluxe Edition),1967-06-01,0.49,0.6970000000000001,0.294,0.0,8,0.17,-9.231,1,0.0644,138.256,4,0.5710000000000001
136,https://api.spotify.com/v1/tracks/3CdDBopz2XipdS5ICzhWHN,3CdDBopz2XipdS5ICzhWHN,Lovely Rita - Remix,10,Sgt. Pepper's Lonely Hearts Club Band (Deluxe Edition),1967-06-01,0.00624,0.58,0.695,0.0,8,0.0857,-5.49,1,0.0252,86.822,4,0.69
137,https://api.spotify.com/v1/tracks/4krhZH4q9oZT86bvA4HN6F,4krhZH4q9oZT86bvA4HN6F,Good Morning Good Morning - Remix,11,Sgt. Pepper's Lonely Hearts Club Band (Deluxe Edition),1967-06-01,0.000312,0.511,0.794,0.0,2,0.555,-6.876,1,0.0887,121.51700000000001,4,0.847
138,https://api.spotify.com/v1/tracks/57OwEeLrTkZgqZtbM0Tsr6,57OwEeLrTkZgqZtbM0Tsr6,Sgt. Pepper's Lonely Hearts Club Band (Reprise) - Remix,12,Sgt. Pepper's Lonely Hearts Club Band (Deluxe Edition),1967-06-01,0.000202,0.575,0.948,0.369,0,0.513,-5.381,1,0.0561,118.758,4,0.856
139,https://api.spotify.com/v1/tracks/5V3HOUIcQTAdUmzHPcfb6F,5V3HOUIcQTAdUmzHPcfb6F,A Day In The Life - Remix,13,Sgt. Pepper's Lonely Hearts Club Band (Deluxe Edition),1967-06-01,0.258,0.33799999999999997,0.47,0.000205,4,0.889,-10.636,0,0.0552,80.72399999999999,4,0.107
140,https://api.spotify.com/v1/tracks/1oaFPXlIXMFFgNESnW6JdZ,1oaFPXlIXMFFgNESnW6JdZ,Sgt. Pepper's Lonely Hearts Club Band - Take 9 And Speech,1,Sgt. Pepper's Lonely Hearts Club Band (Deluxe Edition),1967-06-01,0.256,0.585,0.7,0.0111,0,0.6679999999999999,-7.966,1,0.0993,95.695,4,0.493
141,https://api.spotify.com/v1/tracks/2gtkJPo38dvr8JqOd1hExc,2gtkJPo38dvr8JqOd1hExc,With A Little Help From My Friends - Take 1 / False Start And Take 2 / Instrumental,2,Sgt. Pepper's Lonely Hearts Club Band (Deluxe Edition),1967-06-01,0.253,0.912,0.607,0.46399999999999997,6,0.152,-7.957000000000001,0,0.122,111.363,4,0.385
142,https://api.spotify.com/v1/tracks/3BrTDY7Lpwm7UqC1pdnbaQ,3BrTDY7Lpwm7UqC1pdnbaQ,Lucy In The Sky With Diamonds - Take 1,3,Sgt. Pepper's Lonely Hearts Club Band (Deluxe Edition),1967-06-01,0.787,0.418,0.36700000000000005,3.45e-05,2,0.10800000000000001,-12.36,1,0.0503,97.05799999999999,4,0.316
143,https://api.spotify.com/v1/tracks/2FiSf5JfTNvAFUMiiOWUdx,2FiSf5JfTNvAFUMiiOWUdx,Getting Better - Take 1 / Instrumental And Speech At The End,4,Sgt. Pepper's Lonely Hearts Club Band (Deluxe Edition),1967-06-01,0.41200000000000003,0.7240000000000001,0.456,0.0928,0,0.198,-10.587,1,0.0748,127.521,4,0.32
144,https://api.spotify.com/v1/tracks/1RFpFW3Nz67JX5Obt7MlLm,1RFpFW3Nz67JX5Obt7MlLm,Fixing A Hole - Speech And Take 3,5,Sgt. Pepper's Lonely Hearts Club Band (Deluxe Edition),1967-06-01,0.166,0.605,0.546,0.000121,5,0.0436,-7.176,1,0.0486,115.28,4,0.568
145,https://api.spotify.com/v1/tracks/6FsdVfBnVYANpYBHo7qezC,6FsdVfBnVYANpYBHo7qezC,She's Leaving Home - Take 1 / Instrumental,6,Sgt. Pepper's Lonely Hearts Club Band (Deluxe Edition),1967-06-01,0.914,0.45,0.12,0.883,4,0.12300000000000001,-13.069,1,0.0363,128.506,3,0.182
146,https://api.spotify.com/v1/tracks/5Fo2uGHAErsDwiIOo4wcjS,5Fo2uGHAErsDwiIOo4wcjS,Being For The Benefit Of Mr. Kite! - Take 4,7,Sgt. Pepper's Lonely Hearts Club Band (Deluxe Edition),1967-06-01,0.452,0.5920000000000001,0.387,5.23e-06,0,0.391,-11.450999999999999,1,0.0561,111.09700000000001,4,0.507
147,https://api.spotify.com/v1/tracks/2EVjL6ljSRdzvHvFgCXS7K,2EVjL6ljSRdzvHvFgCXS7K,Within You Without You - Take 1 / Indian Instruments,8,Sgt. Pepper's Lonely Hearts Club Band (Deluxe Edition),1967-06-01,0.6759999999999999,0.376,0.391,0.205,5,0.152,-13.214,1,0.0398,120.234,4,0.175
148,https://api.spotify.com/v1/tracks/5UOd4rjE1TYeEQrQRTQHKv,5UOd4rjE1TYeEQrQRTQHKv,When I'm Sixty-Four - Take 2,9,Sgt. Pepper's Lonely Hearts Club Band (Deluxe Edition),1967-06-01,0.218,0.815,0.237,0.0,7,0.0814,-11.932,1,0.162,132.627,4,0.426
149,https://api.spotify.com/v1/tracks/3RHJClIsYoZaUxt6O26GMd,3RHJClIsYoZaUxt6O26GMd,Lovely Rita - Speech And Take 9,10,Sgt. Pepper's Lonely Hearts Club Band (Deluxe Edition),1967-06-01,0.287,0.47200000000000003,0.711,0.0,4,0.377,-6.874,1,0.0561,180.847,4,0.68
150,https://api.spotify.com/v1/tracks/73U4muTtJcAhD94lWvD5zG,73U4muTtJcAhD94lWvD5zG,Good Morning Good Morning - Take 8,11,Sgt. Pepper's Lonely Hearts Club Band (Deluxe Edition),1967-06-01,0.0225,0.752,0.514,0.000174,2,0.161,-10.523,1,0.0945,121.741,4,0.79
151,https://api.spotify.com/v1/tracks/4IfD31zm39SP4hsDm9LFZ7,4IfD31zm39SP4hsDm9LFZ7,Sgt. Pepper's Lonely Hearts Club Band (Reprise) - Speech And Take 8,12,Sgt. Pepper's Lonely Hearts Club Band (Deluxe Edition),1967-06-01,0.258,0.797,0.8059999999999999,0.000172,0,0.132,-7.117000000000001,1,0.086,119.285,4,0.762
152,https://api.spotify.com/v1/tracks/2i9KZZlTOYfX7EtMHtX5NS,2i9KZZlTOYfX7EtMHtX5NS,A Day In The Life - Take 1 With Hums,13,Sgt. Pepper's Lonely Hearts Club Band (Deluxe Edition),1967-06-01,0.9179999999999999,0.493,0.33,0.000139,4,0.281,-11.555,0,0.0384,162.502,4,0.195
153,https://api.spotify.com/v1/tracks/1iVxrYU3WOaApanKwWcQqB,1iVxrYU3WOaApanKwWcQqB,Strawberry Fields Forever - Take 7,14,Sgt. Pepper's Lonely Hearts Club Band (Deluxe Edition),1967-06-01,0.746,0.36,0.428,3.52e-05,5,0.11599999999999999,-10.374,1,0.266,179.328,4,0.35700000000000004
154,https://api.spotify.com/v1/tracks/0je32DnbaZ3DzrT6pVia8x,0je32DnbaZ3DzrT6pVia8x,Strawberry Fields Forever - Take 26,15,Sgt. Pepper's Lonely Hearts Club Band (Deluxe Edition),1967-06-01,0.21899999999999997,0.444,0.7340000000000001,0.000303,0,0.335,-9.825,1,0.17,110.62899999999999,4,0.335
155,https://api.spotify.com/v1/tracks/7wvgGz8Mkz7VWpGKztBtBg,7wvgGz8Mkz7VWpGKztBtBg,Strawberry Fields Forever - Stereo Mix 2015,16,Sgt. Pepper's Lonely Hearts Club Band (Deluxe Edition),1967-06-01,0.342,0.38,0.627,0.000231,10,0.092,-9.647,1,0.267,95.79700000000001,4,0.255
156,https://api.spotify.com/v1/tracks/4A8PQVuWGPWc8qp33aJX2U,4A8PQVuWGPWc8qp33aJX2U,Penny Lane - Take 6 / Instrumental,17,Sgt. Pepper's Lonely Hearts Club Band (Deluxe Edition),1967-06-01,0.69,0.897,0.516,0.737,0,0.125,-8.867,1,0.0883,120.735,3,0.14400000000000002
157,https://api.spotify.com/v1/tracks/57YeN4L1zAYvnIlLwL3hp6,57YeN4L1zAYvnIlLwL3hp6,Penny Lane - Stereo Mix 2017,18,Sgt. Pepper's Lonely Hearts Club Band (Deluxe Edition),1967-06-01,0.0369,0.624,0.536,0.0028,9,0.10800000000000001,-7.617000000000001,1,0.042,112.931,4,0.6409999999999999
158,https://api.spotify.com/v1/tracks/4fUKE8EULjQdHF4zb0M8FO,4fUKE8EULjQdHF4zb0M8FO,Sgt. Pepper's Lonely Hearts Club Band - Remastered,1,Sgt. Pepper's Lonely Hearts Club Band (Remastered),1967-06-01,0.0857,0.451,0.6729999999999999,0.00225,7,0.797,-9.115,1,0.0734,95.51299999999999,4,0.583
159,https://api.spotify.com/v1/tracks/2RnPATK99oGOZygnD2GTO6,2RnPATK99oGOZygnD2GTO6,With A Little Help From My Friends - Remastered,2,Sgt. Pepper's Lonely Hearts Club Band (Remastered),1967-06-01,0.365,0.705,0.515,0.0,4,0.389,-9.343,1,0.0337,112.035,4,0.8029999999999999
160,https://api.spotify.com/v1/tracks/25yQPHgC35WNnnOUqFhgVR,25yQPHgC35WNnnOUqFhgVR,Lucy In The Sky With Diamonds - Remastered,3,Sgt. Pepper's Lonely Hearts Club Band (Remastered),1967-06-01,0.0469,0.311,0.325,0.0,2,0.139,-9.042,1,0.0283,65.09,1,0.6679999999999999
161,https://api.spotify.com/v1/tracks/3LtOmWpTXLhilL5odoKysR,3LtOmWpTXLhilL5odoKysR,Getting Better - Remastered,4,Sgt. Pepper's Lonely Hearts Club Band (Remastered),1967-06-01,0.313,0.632,0.47100000000000003,5.08e-06,0,0.0712,-7.8870000000000005,1,0.0348,121.67200000000001,4,0.764
162,https://api.spotify.com/v1/tracks/3pKKxkeB1pOUMHwWBmKc3Y,3pKKxkeB1pOUMHwWBmKc3Y,Fixing A Hole - Remastered,5,Sgt. Pepper's Lonely Hearts Club Band (Remastered),1967-06-01,0.382,0.469,0.507,0.0,0,0.0783,-8.917,0,0.0451,112.984,4,0.619
163,https://api.spotify.com/v1/tracks/3PjMtNzwhDHqxoKudm6GvF,3PjMtNzwhDHqxoKudm6GvF,She's Leaving Home - Remastered,6,Sgt. Pepper's Lonely Hearts Club Band (Remastered),1967-06-01,0.9440000000000001,0.381,0.214,0.0,4,0.106,-11.629000000000001,1,0.0337,127.581,3,0.39299999999999996
164,https://api.spotify.com/v1/tracks/6W35n1UlkvqhfMZstB4BXs,6W35n1UlkvqhfMZstB4BXs,Being For The Benefit Of Mr. Kite! - Remastered,7,Sgt. Pepper's Lonely Hearts Club Band (Remastered),1967-06-01,0.33799999999999997,0.526,0.413,0.0,0,0.0992,-9.865,1,0.0446,111.874,4,0.71
165,https://api.spotify.com/v1/tracks/3Umg8CDhO8dOSj7yBTInYb,3Umg8CDhO8dOSj7yBTInYb,Within You Without You - Remastered,8,Sgt. Pepper's Lonely Hearts Club Band (Remastered),1967-06-01,0.33899999999999997,0.35200000000000004,0.479,0.00035299999999999996,6,0.486,-9.965,1,0.0338,126.166,4,0.354
166,https://api.spotify.com/v1/tracks/1NrbnHlR2BFREcyWXHIHip,1NrbnHlR2BFREcyWXHIHip,When I'm Sixty Four - Remastered,9,Sgt. Pepper's Lonely Hearts Club Band (Remastered),1967-06-01,0.625,0.7040000000000001,0.24100000000000002,2.8000000000000003e-05,1,0.0868,-13.258,1,0.0476,140.411,4,0.6609999999999999
167,https://api.spotify.com/v1/tracks/6h9W5FxX4E9lUFsyq8j1AD,6h9W5FxX4E9lUFsyq8j1AD,Lovely Rita - Remastered,10,Sgt. Pepper's Lonely Hearts Club Band (Remastered),1967-06-01,0.0634,0.61,0.47100000000000003,0.0,8,0.11800000000000001,-9.151,0,0.0261,87.37899999999999,4,0.63
168,https://api.spotify.com/v1/tracks/0xIuNHHcKI1JDuBPlSwzb1,0xIuNHHcKI1JDuBPlSwzb1,Good Morning Good Morning - Remastered,11,Sgt. Pepper's Lonely Hearts Club Band (Remastered),1967-06-01,0.0858,0.542,0.618,0.0,2,0.772,-8.876,1,0.139,121.84899999999999,3,0.93
169,https://api.spotify.com/v1/tracks/42ocGQCOT0xYtV3f5kJDsD,42ocGQCOT0xYtV3f5kJDsD,Sgt. Pepper's Lonely Hearts Club Band - Reprise / Remastered,12,Sgt. Pepper's Lonely Hearts Club Band (Remastered),1967-06-01,0.0061,0.653,0.889,0.589,0,0.892,-8.006,1,0.0453,118.773,4,0.879
170,https://api.spotify.com/v1/tracks/0hKRSZhUGEhKU6aNSPBACZ,0hKRSZhUGEhKU6aNSPBACZ,A Day In The Life - Remastered,13,Sgt. Pepper's Lonely Hearts Club Band (Remastered),1967-06-01,0.29,0.364,0.457,0.000106,4,0.922,-14.162,0,0.0675,163.219,4,0.175
171,https://api.spotify.com/v1/tracks/4BRkPBUxOYffM2QXVlq7aC,4BRkPBUxOYffM2QXVlq7aC,Taxman - Remastered,1,Revolver (Remastered),1966-08-05,0.0101,0.469,0.596,0.0,7,0.321,-8.347999999999999,1,0.0749,133.586,4,0.7829999999999999
172,https://api.spotify.com/v1/tracks/5GjPQ0eI7AgmOnADn1EO6Q,5GjPQ0eI7AgmOnADn1EO6Q,Eleanor Rigby - Remastered,2,Revolver (Remastered),1966-08-05,0.9359999999999999,0.581,0.28,1.56e-05,4,0.305,-9.091000000000001,0,0.0381,137.83100000000002,4,0.813
173,https://api.spotify.com/v1/tracks/2ylCrFiBu98SC0vFfaCent,2ylCrFiBu98SC0vFfaCent,I'm Only Sleeping - Remastered,3,Revolver (Remastered),1966-08-05,0.21,0.494,0.47,0.0,8,0.28,-9.599,0,0.0301,103.477,4,0.698
174,https://api.spotify.com/v1/tracks/4RdJFhfLQcezwN5LsXl4qP,4RdJFhfLQcezwN5LsXl4qP,Love You To - Remastered,4,Revolver (Remastered),1966-08-05,0.7,0.391,0.593,0.00024900000000000004,5,0.0829,-8.999,1,0.0413,123.986,4,0.7070000000000001
175,https://api.spotify.com/v1/tracks/2B4Y9u4ERAFiMo13XPJyGP,2B4Y9u4ERAFiMo13XPJyGP,"Here, There And Everywhere - Remastered",5,Revolver (Remastered),1966-08-05,0.9209999999999999,0.29,0.247,0.00565,7,0.0917,-12.125,1,0.0383,165.361,4,0.36
176,https://api.spotify.com/v1/tracks/50xwQXPtfNZFKFeZ0XePWc,50xwQXPtfNZFKFeZ0XePWc,Yellow Submarine - Remastered,6,Revolver (Remastered),1966-08-05,0.531,0.604,0.5489999999999999,0.0,1,0.43799999999999994,-9.873,1,0.0389,111.398,4,0.696
177,https://api.spotify.com/v1/tracks/3VSuWxZM6x6V3ig5nYtikL,3VSuWxZM6x6V3ig5nYtikL,She Said She Said - Remastered,7,Revolver (Remastered),1966-08-05,0.10300000000000001,0.32899999999999996,0.6779999999999999,0.168,3,0.843,-7.877999999999999,1,0.0344,106.476,4,0.672
178,https://api.spotify.com/v1/tracks/7HTH1ppjkkOe7RLoBDKXYJ,7HTH1ppjkkOe7RLoBDKXYJ,Good Day Sunshine - Remastered,8,Revolver (Remastered),1966-08-05,0.7190000000000001,0.77,0.496,0.0,11,0.12300000000000001,-8.45,1,0.0468,117.331,3,0.5710000000000001
179,https://api.spotify.com/v1/tracks/4KRgqwb4kvBuTz1utbYxfb,4KRgqwb4kvBuTz1utbYxfb,And Your Bird Can Sing - Remastered,9,Revolver (Remastered),1966-08-05,0.0067,0.555,0.65,0.0491,4,0.23600000000000002,-6.936,1,0.0282,132.59,4,0.966
180,https://api.spotify.com/v1/tracks/1kDkaFlmkdEZiVUogaP9OZ,1kDkaFlmkdEZiVUogaP9OZ,For No One - Remastered,10,Revolver (Remastered),1966-08-05,0.7829999999999999,0.483,0.35100000000000003,0.0,1,0.115,-10.487,0,0.0278,81.208,4,0.713
181,https://api.spotify.com/v1/tracks/1ob06Ol8FMIPQgjpg7bMyk,1ob06Ol8FMIPQgjpg7bMyk,Doctor Robert - Remastered,11,Revolver (Remastered),1966-08-05,0.16399999999999998,0.39399999999999996,0.64,0.139,4,0.153,-8.992,1,0.0488,164.62599999999998,4,0.574
182,https://api.spotify.com/v1/tracks/7orb0y6ySGdsYZywMoQtsD,7orb0y6ySGdsYZywMoQtsD,I Want To Tell You - Remastered,12,Revolver (Remastered),1966-08-05,0.182,0.493,0.525,4.4e-06,9,0.14800000000000002,-9.289,1,0.0315,127.492,4,0.449
183,https://api.spotify.com/v1/tracks/3tGhRLgcCP6SIZU3tbGl7l,3tGhRLgcCP6SIZU3tbGl7l,Got To Get You Into My Life - Remastered,13,Revolver (Remastered),1966-08-05,0.42,0.521,0.524,9.27e-06,0,0.0838,-6.136,1,0.0302,136.679,4,0.711
184,https://api.spotify.com/v1/tracks/00oZhqZIQfL9P5CjOP6JsO,00oZhqZIQfL9P5CjOP6JsO,Tomorrow Never Knows - Remastered,14,Revolver (Remastered),1966-08-05,8.4e-05,0.38,0.8290000000000001,0.0020800000000000003,5,0.342,-6.105,1,0.0405,125.887,4,0.0534
185,https://api.spotify.com/v1/tracks/06ypiqmILMdVeaiErMFA91,06ypiqmILMdVeaiErMFA91,Drive My Car - Remastered,1,Rubber Soul (Remastered),1965-12-03,0.0173,0.754,0.5710000000000001,0.0,2,0.3,-8.547,1,0.0421,122.463,4,0.82
186,https://api.spotify.com/v1/tracks/1H7gMYGykdtwZOV6s1N0by,1H7gMYGykdtwZOV6s1N0by,Norwegian Wood (This Bird Has Flown) - Remastered,2,Rubber Soul (Remastered),1965-12-03,0.183,0.425,0.369,0.00126,4,0.11199999999999999,-11.876,1,0.0379,176.625,3,0.65
187,https://api.spotify.com/v1/tracks/4LLBKnNCrSRrSjSTuiwjE9,4LLBKnNCrSRrSjSTuiwjE9,You Won't See Me - Remastered,3,Rubber Soul (Remastered),1965-12-03,0.136,0.488,0.539,0.0,9,0.0538,-8.752,1,0.0304,115.941,4,0.473
188,https://api.spotify.com/v1/tracks/5SUlhldQJtOhUr2GzH5RI7,5SUlhldQJtOhUr2GzH5RI7,Nowhere Man - Remastered,4,Rubber Soul (Remastered),1965-12-03,0.00797,0.534,0.624,0.0,4,0.128,-9.589,1,0.0462,121.402,4,0.687
189,https://api.spotify.com/v1/tracks/64bKVrkaXQAKx04dLHqCNz,64bKVrkaXQAKx04dLHqCNz,Think For Yourself - Remastered,5,Rubber Soul (Remastered),1965-12-03,0.0124,0.529,0.5670000000000001,0.0,0,0.0729,-9.796,1,0.0282,130.54399999999998,4,0.799
190,https://api.spotify.com/v1/tracks/4GBaPHvAyj4V2jeobD9tsy,4GBaPHvAyj4V2jeobD9tsy,The Word - Remastered,6,Rubber Soul (Remastered),1965-12-03,0.0068200000000000005,0.59,0.6409999999999999,0.0,0,0.0553,-9.687000000000001,1,0.0416,120.773,4,0.792
191,https://api.spotify.com/v1/tracks/5By7Pzgl6TMuVJG168VWzS,5By7Pzgl6TMuVJG168VWzS,Michelle - Remastered,7,Rubber Soul (Remastered),1965-12-03,0.652,0.578,0.29,0.0,5,0.105,-12.501,0,0.0341,117.40299999999999,4,0.6659999999999999
192,https://api.spotify.com/v1/tracks/19QXdPRZFHI5kNK3tN8Mh7,19QXdPRZFHI5kNK3tN8Mh7,What Goes On - Remastered,8,Rubber Soul (Remastered),1965-12-03,0.0168,0.67,0.7759999999999999,3.01e-06,4,0.0732,-10.035,1,0.0749,96.93,4,0.765
193,https://api.spotify.com/v1/tracks/6tQvjqDIK9GXWIC6mejms8,6tQvjqDIK9GXWIC6mejms8,Girl - Remastered,9,Rubber Soul (Remastered),1965-12-03,0.5870000000000001,0.6990000000000001,0.294,0.0,5,0.11699999999999999,-13.205,0,0.0294,96.615,4,0.893
194,https://api.spotify.com/v1/tracks/5E3BVY66TEDexFutOO5GeS,5E3BVY66TEDexFutOO5GeS,I'm Looking Through You - Remastered,10,Rubber Soul (Remastered),1965-12-03,0.00772,0.667,0.498,0.0,1,0.0481,-11.027000000000001,1,0.0364,85.84299999999999,4,0.774
195,https://api.spotify.com/v1/tracks/3KfbEIOC7YIv90FIfNSZpo,3KfbEIOC7YIv90FIfNSZpo,In My Life - Remastered,11,Rubber Soul (Remastered),1965-12-03,0.449,0.688,0.435,0.0,9,0.113,-11.359000000000002,1,0.0323,103.23899999999999,4,0.435
196,https://api.spotify.com/v1/tracks/0CGbof9amBnsNlRhZ8IY2H,0CGbof9amBnsNlRhZ8IY2H,Wait - Remastered,12,Rubber Soul (Remastered),1965-12-03,0.0175,0.552,0.48700000000000004,0.0,6,0.105,-10.574000000000002,0,0.04,127.20100000000001,4,0.657
197,https://api.spotify.com/v1/tracks/7C6hdDIz90Uf5YmdZnYbJJ,7C6hdDIz90Uf5YmdZnYbJJ,If I Needed Someone - Remastered,13,Rubber Soul (Remastered),1965-12-03,0.00748,0.49200000000000005,0.755,0.0,9,0.102,-9.273,1,0.0331,127.387,4,0.7959999999999999
198,https://api.spotify.com/v1/tracks/4gUYV3ktbaOeAK5KrXMWV5,4gUYV3ktbaOeAK5KrXMWV5,Run For Your Life - Remastered,14,Rubber Soul (Remastered),1965-12-03,0.0103,0.563,0.705,0.0,2,0.0552,-9.232000000000001,1,0.10300000000000001,176.732,4,0.8220000000000001
199,https://api.spotify.com/v1/tracks/7DD7eSuYSC5xk2ArU62esN,7DD7eSuYSC5xk2ArU62esN,Help! - Remastered,1,Help! (Remastered),1965-08-06,0.188,0.534,0.725,0.0,6,0.0994,-7.5760000000000005,0,0.0332,95.00299999999999,4,0.763
200,https://api.spotify.com/v1/tracks/5xcfepnz1v7a83T8An9gjw,5xcfepnz1v7a83T8An9gjw,The Night Before - Remastered,2,Help! (Remastered),1965-08-06,0.0537,0.461,0.762,0.0,2,0.23800000000000002,-6.727,1,0.0379,84.49600000000001,4,0.632
201,https://api.spotify.com/v1/tracks/4F1AgKpuFRMLEgtPETVwZk,4F1AgKpuFRMLEgtPETVwZk,You've Got To Hide Your Love Away - Remastered,3,Help! (Remastered),1965-08-06,0.207,0.39799999999999996,0.392,0.0,7,0.102,-9.05,1,0.0282,184.267,3,0.37799999999999995
202,https://api.spotify.com/v1/tracks/5EzvwjFwdP5Kfl5AZAemzu,5EzvwjFwdP5Kfl5AZAemzu,I Need You - Remastered,4,Help! (Remastered),1965-08-06,0.27699999999999997,0.601,0.489,0.0,9,0.0988,-8.554,1,0.0455,136.215,4,0.638
203,https://api.spotify.com/v1/tracks/7hefVXaGsFPesbK6fKwS6F,7hefVXaGsFPesbK6fKwS6F,Another Girl - Remastered,5,Help! (Remastered),1965-08-06,0.23800000000000002,0.516,0.638,0.0,9,0.33299999999999996,-7.452999999999999,1,0.0314,88.65700000000001,4,0.8220000000000001
204,https://api.spotify.com/v1/tracks/70HNt0eoBVqr4ss68U8x3B,70HNt0eoBVqr4ss68U8x3B,You're Going To Lose That Girl - Remastered,6,Help! (Remastered),1965-08-06,0.34600000000000003,0.5329999999999999,0.66,0.0,4,0.26,-7.694,1,0.0337,131.975,4,0.818
205,https://api.spotify.com/v1/tracks/7CZiDzGVjUssMSOXrDNYHL,7CZiDzGVjUssMSOXrDNYHL,Ticket To Ride - Remastered,7,Help! (Remastered),1965-08-06,0.0457,0.519,0.85,0.0,9,0.233,-6.777,1,0.0678,123.419,4,0.7490000000000001
206,https://api.spotify.com/v1/tracks/0IxxqsYBcCHEQ1HqLYJnwx,0IxxqsYBcCHEQ1HqLYJnwx,Act Naturally - Remastered,8,Help! (Remastered),1965-08-06,0.366,0.7020000000000001,0.447,0.0,7,0.153,-10.122,1,0.0308,93.02,4,0.9440000000000001
207,https://api.spotify.com/v1/tracks/2ue1KRstSKHF8jQkIJZiNC,2ue1KRstSKHF8jQkIJZiNC,It's Only Love - Remastered,9,Help! (Remastered),1965-08-06,0.22,0.629,0.551,0.0,0,0.0432,-8.281,1,0.0256,113.155,3,0.685
208,https://api.spotify.com/v1/tracks/0y1LLH0NiwOD5tM3aNMXTr,0y1LLH0NiwOD5tM3aNMXTr,You Like Me Too Much - Remastered,10,Help! (Remastered),1965-08-06,0.415,0.555,0.57,0.0,7,0.191,-7.869,1,0.0302,88.316,4,0.899
209,https://api.spotify.com/v1/tracks/2jnr9KaaMAmvk0zMcM9UzV,2jnr9KaaMAmvk0zMcM9UzV,Tell Me What You See - Remastered,11,Help! (Remastered),1965-08-06,0.061,0.5920000000000001,0.7959999999999999,0.0,7,0.131,-8.125,1,0.0429,136.675,4,0.7
210,https://api.spotify.com/v1/tracks/788U1Sqej9M6c4iikuDGxO,788U1Sqej9M6c4iikuDGxO,I've Just Seen A Face - Remastered,12,Help! (Remastered),1965-08-06,0.723,0.647,0.56,0.0,9,0.11800000000000001,-8.809,1,0.0387,120.41799999999999,3,0.9129999999999999
211,https://api.spotify.com/v1/tracks/3BQHpFgAp4l80e1XslIjNI,3BQHpFgAp4l80e1XslIjNI,Yesterday - Remastered,13,Help! (Remastered),1965-08-06,0.879,0.332,0.179,0.0,5,0.0886,-11.83,1,0.0326,96.529,4,0.315
212,https://api.spotify.com/v1/tracks/70Dohn82wv6VtxGesqRzbZ,70Dohn82wv6VtxGesqRzbZ,Dizzy Miss Lizzy - Remastered,14,Help! (Remastered),1965-08-06,0.11599999999999999,0.373,0.934,0.00445,9,0.0962,-6.752999999999999,1,0.0591,136.037,4,0.9179999999999999
213,https://api.spotify.com/v1/tracks/4ltC6PrqkTtpcRNi5lvS4z,4ltC6PrqkTtpcRNi5lvS4z,No Reply - Remastered,1,Beatles For Sale (Remastered),1964-12-04,0.67,0.718,0.593,0.0,0,0.172,-9.976,1,0.0377,124.251,4,0.8690000000000001
214,https://api.spotify.com/v1/tracks/7wC4EW11mBVxDK3xdC7FTf,7wC4EW11mBVxDK3xdC7FTf,I'm A Loser - Remastered,2,Beatles For Sale (Remastered),1964-12-04,0.5670000000000001,0.49200000000000005,0.628,1.07e-06,7,0.267,-7.813,1,0.0439,89.87700000000001,4,0.856
215,https://api.spotify.com/v1/tracks/7cb2SdLm1UMLwdUoWwrZN1,7cb2SdLm1UMLwdUoWwrZN1,Baby's In Black - Remastered,3,Beatles For Sale (Remastered),1964-12-04,0.434,0.374,0.596,0.0,9,0.098,-7.666,1,0.0416,202.97,3,0.8759999999999999
216,https://api.spotify.com/v1/tracks/7Ho3T7ERfooiAfvODaMQ2N,7Ho3T7ERfooiAfvODaMQ2N,Rock And Roll Music - Remastered,4,Beatles For Sale (Remastered),1964-12-04,0.5660000000000001,0.457,0.917,0.0,9,0.33299999999999996,-6.212999999999999,1,0.0441,167.092,4,0.965
217,https://api.spotify.com/v1/tracks/45WX2cfbL8bCIqv3rOq1G3,45WX2cfbL8bCIqv3rOq1G3,I'll Follow The Sun - Remastered,5,Beatles For Sale (Remastered),1964-12-04,0.789,0.6890000000000001,0.313,0.0,0,0.14400000000000002,-10.073,1,0.0366,133.754,4,0.625
218,https://api.spotify.com/v1/tracks/6pPOkr2OxhQ6htrzOiDmq9,6pPOkr2OxhQ6htrzOiDmq9,Mr Moonlight - Remastered,6,Beatles For Sale (Remastered),1964-12-04,0.7959999999999999,0.631,0.424,0.000143,6,0.11800000000000001,-9.106,1,0.0438,126.12700000000001,5,0.589
219,https://api.spotify.com/v1/tracks/5xf0zdP4KCfshyVn02D3Ea,5xf0zdP4KCfshyVn02D3Ea,Kansas City / Hey-Hey-Hey-Hey - Remastered,7,Beatles For Sale (Remastered),1964-12-04,0.614,0.588,0.7240000000000001,8.92e-05,7,0.877,-6.63,1,0.0335,131.36,4,0.924
220,https://api.spotify.com/v1/tracks/1Dg4dFJr3HW7sbA7vPejre,1Dg4dFJr3HW7sbA7vPejre,Eight Days A Week - Remastered,8,Beatles For Sale (Remastered),1964-12-04,0.41200000000000003,0.652,0.583,0.0,9,0.11900000000000001,-7.811,1,0.038,138.134,4,0.7440000000000001
221,https://api.spotify.com/v1/tracks/42qkSeX6HNJYHxlk6cWoFe,42qkSeX6HNJYHxlk6cWoFe,Words Of Love - Remastered,9,Beatles For Sale (Remastered),1964-12-04,0.32299999999999995,0.551,0.5329999999999999,0.722,9,0.17300000000000001,-9.8,1,0.0297,122.35799999999999,4,0.85
222,https://api.spotify.com/v1/tracks/2d7GP7Fz1NrfPpo7MzWZgb,2d7GP7Fz1NrfPpo7MzWZgb,Honey Don't - Remastered,10,Beatles For Sale (Remastered),1964-12-04,0.473,0.629,0.545,5.08e-05,4,0.0854,-11.466,1,0.0348,162.438,4,0.735
223,https://api.spotify.com/v1/tracks/2CxTkdvhDuQrOxl8xXkdJS,2CxTkdvhDuQrOxl8xXkdJS,Every Little Thing - Remastered,11,Beatles For Sale (Remastered),1964-12-04,0.488,0.74,0.49,0.0,2,0.10300000000000001,-9.095,1,0.038,123.227,4,0.6779999999999999
224,https://api.spotify.com/v1/tracks/3kQDIa85ZK8cKVn72NfBnl,3kQDIa85ZK8cKVn72NfBnl,I Don't Want To Spoil The Party - Remastered,12,Beatles For Sale (Remastered),1964-12-04,0.451,0.5329999999999999,0.6679999999999999,0.0,7,0.149,-7.237,1,0.033,95.43799999999999,4,0.889
225,https://api.spotify.com/v1/tracks/6C6y4OWK1Ki3FVF1TIonxW,6C6y4OWK1Ki3FVF1TIonxW,What You're Doing - Remastered,13,Beatles For Sale (Remastered),1964-12-04,0.301,0.695,0.53,2e-06,2,0.0583,-8.309,1,0.0403,129.506,4,0.825
226,https://api.spotify.com/v1/tracks/4DZAH8eiqSAkMIE9l5D71U,4DZAH8eiqSAkMIE9l5D71U,Everybody's Trying To Be My Baby - Remastered,14,Beatles For Sale (Remastered),1964-12-04,0.466,0.5429999999999999,0.8059999999999999,0.0,4,0.134,-7.231,1,0.0385,85.17200000000001,4,0.943
227,https://api.spotify.com/v1/tracks/5J2CHimS7dWYMImCHkEFaJ,5J2CHimS7dWYMImCHkEFaJ,A Hard Day's Night - Remastered,1,A Hard Day's Night (Remastered),1964-07-10,0.13699999999999998,0.59,0.805,0.0,0,0.0996,-6.481,1,0.0371,138.514,4,0.797
228,https://api.spotify.com/v1/tracks/3pU1CUgPiFfxPCpscwIwQR,3pU1CUgPiFfxPCpscwIwQR,I Should Have Known Better - Remastered,2,A Hard Day's Night (Remastered),1964-07-10,0.257,0.682,0.444,0.0,7,0.115,-7.689,1,0.0289,130.704,4,0.91
229,https://api.spotify.com/v1/tracks/1hgvykolO4kBIEozATmpyj,1hgvykolO4kBIEozATmpyj,If I Fell - Remastered,3,A Hard Day's Night (Remastered),1964-07-10,0.68,0.665,0.31,0.0,2,0.0877,-8.927999999999999,1,0.0278,108.211,4,0.568
230,https://api.spotify.com/v1/tracks/0gd50I2gKioJ59C827EdAY,0gd50I2gKioJ59C827EdAY,I'm Happy Just To Dance With You - Remastered,4,A Hard Day's Night (Remastered),1964-07-10,0.138,0.6579999999999999,0.537,0.0,6,0.0572,-7.535,0,0.0307,132.115,4,0.887
231,https://api.spotify.com/v1/tracks/65vdMBskhx3akkG9vQlSH1,65vdMBskhx3akkG9vQlSH1,And I Love Her - Remastered,5,A Hard Day's Night (Remastered),1964-07-10,0.64,0.767,0.331,0.0,1,0.0681,-10.777000000000001,0,0.0337,113.31200000000001,4,0.636
232,https://api.spotify.com/v1/tracks/0Wzp5pWPoX0YoBg002HXL9,0Wzp5pWPoX0YoBg002HXL9,Tell Me Why - Remastered,6,A Hard Day's Night (Remastered),1964-07-10,0.586,0.267,0.688,0.0,11,0.307,-6.309,0,0.0388,150.942,3,0.797
233,https://api.spotify.com/v1/tracks/3SdingSsFcZDZAyvcJbgAw,3SdingSsFcZDZAyvcJbgAw,Can't Buy Me Love - Remastered,7,A Hard Day's Night (Remastered),1964-07-10,0.28300000000000003,0.483,0.677,0.0,0,0.321,-5.91,1,0.0593,170.72,4,0.8420000000000001
234,https://api.spotify.com/v1/tracks/70XHAdaMaoLIOVb1hSaeJ4,70XHAdaMaoLIOVb1hSaeJ4,Any Time At All - Remastered,8,A Hard Day's Night (Remastered),1964-07-10,0.366,0.612,0.7190000000000001,3.88e-06,2,0.43700000000000006,-7.026,1,0.0398,141.016,4,0.7440000000000001
235,https://api.spotify.com/v1/tracks/01xMiErR26kH1KCif6uEYI,01xMiErR26kH1KCif6uEYI,I'll Cry Instead - Remastered,9,A Hard Day's Night (Remastered),1964-07-10,0.0917,0.643,0.73,0.0,7,0.253,-6.859,1,0.0347,96.711,4,0.96
236,https://api.spotify.com/v1/tracks/0voUr8lubIafUVJlauJxYF,0voUr8lubIafUVJlauJxYF,Things We Said Today - Remastered,10,A Hard Day's Night (Remastered),1964-07-10,0.239,0.551,0.575,0.0,2,0.11199999999999999,-8.208,0,0.0332,137.054,4,0.516
237,https://api.spotify.com/v1/tracks/4oLQ0imA5IDtNUnhFKY87q,4oLQ0imA5IDtNUnhFKY87q,When I Get Home - Remastered,11,A Hard Day's Night (Remastered),1964-07-10,0.384,0.568,0.7929999999999999,0.0,9,0.38799999999999996,-6.2010000000000005,0,0.0482,125.375,4,0.64
238,https://api.spotify.com/v1/tracks/5b9G4dtK3Tdguuy9BO3Nwo,5b9G4dtK3Tdguuy9BO3Nwo,You Can't Do That - Remastered,12,A Hard Day's Night (Remastered),1964-07-10,0.36700000000000005,0.612,0.7879999999999999,0.0,0,0.382,-6.251,1,0.0335,129.161,4,0.961
239,https://api.spotify.com/v1/tracks/3lSi6qfnp2YZazTzcOLBZk,3lSi6qfnp2YZazTzcOLBZk,I'll Be Back - Remastered,13,A Hard Day's Night (Remastered),1964-07-10,0.7440000000000001,0.721,0.527,0.0,9,0.18600000000000003,-7.224,1,0.0293,123.902,4,0.6409999999999999
240,https://api.spotify.com/v1/tracks/4ekUX4pWizXXksJe0JfS9U,4ekUX4pWizXXksJe0JfS9U,It Won't Be Long - Remastered,1,With The Beatles (Remastered),1963-11-22,0.284,0.47200000000000003,0.6729999999999999,0.0,4,0.20600000000000002,-8.853,1,0.0318,133.11700000000002,4,0.862
241,https://api.spotify.com/v1/tracks/5tztLBvTlNC15Np2tnQ5Ll,5tztLBvTlNC15Np2tnQ5Ll,All I've Got To Do - Remastered,2,With The Beatles (Remastered),1963-11-22,0.217,0.49,0.579,0.0,1,0.0644,-10.300999999999998,0,0.0344,119.40299999999999,4,0.879
242,https://api.spotify.com/v1/tracks/4joiWvli4qJVEW6qZV2i2J,4joiWvli4qJVEW6qZV2i2J,All My Loving - Remastered,3,With The Beatles (Remastered),1963-11-22,0.207,0.41600000000000004,0.563,0.0,1,0.34299999999999997,-8.724,0,0.0298,77.56,4,0.9
243,https://api.spotify.com/v1/tracks/7y1hMqXNa0dKQLZH7CKbUG,7y1hMqXNa0dKQLZH7CKbUG,Don't Bother Me - Remastered,4,With The Beatles (Remastered),1963-11-22,0.5539999999999999,0.371,0.7240000000000001,0.0,2,0.299,-9.792,1,0.0562,170.377,4,0.9159999999999999
244,https://api.spotify.com/v1/tracks/0KogQrSowDnZoU8GSpaxkj,0KogQrSowDnZoU8GSpaxkj,Little Child - Remastered,5,With The Beatles (Remastered),1963-11-22,0.292,0.526,0.858,0.001,9,0.353,-8.533,1,0.0476,75.596,4,0.8859999999999999
245,https://api.spotify.com/v1/tracks/0ESIjVxnDnCDaTPo6sStHm,0ESIjVxnDnCDaTPo6sStHm,Till There Was You - Remastered,6,With The Beatles (Remastered),1963-11-22,0.79,0.727,0.33799999999999997,0.0,5,0.105,-13.887,1,0.0454,122.421,4,0.6459999999999999
246,https://api.spotify.com/v1/tracks/6wfK1R6FoLpmUA9lk5ll4T,6wfK1R6FoLpmUA9lk5ll4T,Please Mister Postman - Remastered,7,With The Beatles (Remastered),1963-11-22,0.675,0.552,0.644,0.0,9,0.36,-9.129,1,0.0372,122.546,4,0.961
247,https://api.spotify.com/v1/tracks/3idqWaBn3mRdsIodCU6uBi,3idqWaBn3mRdsIodCU6uBi,Roll Over Beethoven - Remastered,8,With The Beatles (Remastered),1963-11-22,0.289,0.35100000000000003,0.7490000000000001,0.0,2,0.0952,-9.435,1,0.0628,160.673,4,0.9670000000000001
248,https://api.spotify.com/v1/tracks/2RvKsA6Ho7VbJkVFiD4UQF,2RvKsA6Ho7VbJkVFiD4UQF,Hold Me Tight - Remastered,9,With The Beatles (Remastered),1963-11-22,0.664,0.54,0.7440000000000001,0.0,5,0.21,-9.637,1,0.0312,135.731,4,0.963
249,https://api.spotify.com/v1/tracks/7rgUYidQh5tH0YlXCoKaYJ,7rgUYidQh5tH0YlXCoKaYJ,You Really Got A Hold On Me - Remastered,10,With The Beatles (Remastered),1963-11-22,0.525,0.373,0.38799999999999996,0.0,9,0.267,-9.31,1,0.0337,77.643,4,0.687
250,https://api.spotify.com/v1/tracks/0sIZcoe69iSym9AecvZ7CT,0sIZcoe69iSym9AecvZ7CT,I Wanna Be Your Man - Remastered,11,With The Beatles (Remastered),1963-11-22,0.47700000000000004,0.5529999999999999,0.914,0.0,9,0.292,-8.232000000000001,1,0.0415,99.13799999999999,4,0.6829999999999999
251,https://api.spotify.com/v1/tracks/5maTh4fY9SlgR3FhRkf040,5maTh4fY9SlgR3FhRkf040,Devil In Her Heart - Remastered,12,With The Beatles (Remastered),1963-11-22,0.22699999999999998,0.618,0.622,0.0,7,0.0438,-8.861,1,0.0296,121.072,4,0.966
252,https://api.spotify.com/v1/tracks/5vl0sRtrQM1BTSAxQZFqEN,5vl0sRtrQM1BTSAxQZFqEN,Not A Second Time - Remastered,13,With The Beatles (Remastered),1963-11-22,0.213,0.47100000000000003,0.8170000000000001,0.0,7,0.498,-9.999,1,0.0372,124.848,4,0.961
253,https://api.spotify.com/v1/tracks/3zw4FTrVNfy2teEkV9FOvh,3zw4FTrVNfy2teEkV9FOvh,Money (That's What I Want) - Remastered,14,With The Beatles (Remastered),1963-11-22,0.425,0.545,0.853,0.0,11,0.266,-8.369,0,0.0394,128.816,1,0.9229999999999999
254,https://api.spotify.com/v1/tracks/3KiexfmhxHvG5IgAElmTkd,3KiexfmhxHvG5IgAElmTkd,I Saw Her Standing There - Remastered,1,Please Please Me (Remastered),1963-03-22,0.27,0.491,0.8009999999999999,0.0,4,0.0665,-9.835,1,0.0361,160.109,4,0.971
255,https://api.spotify.com/v1/tracks/40qXGg5nRbcWzcFb26KWkQ,40qXGg5nRbcWzcFb26KWkQ,Misery - Remastered,2,Please Please Me (Remastered),1963-03-22,0.7070000000000001,0.591,0.605,0.0,0,0.309,-10.925,1,0.0413,133.34799999999998,4,0.882
256,https://api.spotify.com/v1/tracks/2baEFuU0gQon0hgVRioI1o,2baEFuU0gQon0hgVRioI1o,Anna (Go To Him) - Remastered,3,Please Please Me (Remastered),1963-03-22,0.635,0.608,0.565,0.0,2,0.0601,-11.06,1,0.0336,109.286,4,0.835
257,https://api.spotify.com/v1/tracks/3JQWLa88R35d971o5bIImd,3JQWLa88R35d971o5bIImd,Chains - Remastered,4,Please Please Me (Remastered),1963-03-22,0.608,0.654,0.561,0.0,10,0.129,-10.550999999999998,1,0.0304,129.884,4,0.929
258,https://api.spotify.com/v1/tracks/7JxGM1R32ZqfwZou3VtnTg,7JxGM1R32ZqfwZou3VtnTg,Boys - Remastered,5,Please Please Me (Remastered),1963-03-22,0.607,0.402,0.86,0.0,4,0.736,-10.31,1,0.0504,142.445,4,0.8220000000000001
259,https://api.spotify.com/v1/tracks/7529Z6b1rlGZFFPWjHPeV5,7529Z6b1rlGZFFPWjHPeV5,Ask Me Why - Remastered,6,Please Please Me (Remastered),1963-03-22,0.767,0.605,0.39399999999999996,0.0,4,0.0967,-11.33,1,0.0378,133.942,4,0.597
260,https://api.spotify.com/v1/tracks/6EHuOufBeL6vk3TvVJB5qo,6EHuOufBeL6vk3TvVJB5qo,Please Please Me - Remastered,7,Please Please Me (Remastered),1963-03-22,0.33399999999999996,0.527,0.48,0.0,4,0.0702,-9.61,1,0.027999999999999997,139.388,4,0.706
261,https://api.spotify.com/v1/tracks/3VbGCXWRiouAq8VyMYN2MI,3VbGCXWRiouAq8VyMYN2MI,Love Me Do - Remastered,8,Please Please Me (Remastered),1963-03-22,0.386,0.52,0.8290000000000001,6.2e-05,0,0.22699999999999998,-6.228,1,0.0806,147.997,4,0.7440000000000001
262,https://api.spotify.com/v1/tracks/7Msq9qojB7yORuJvz49iUy,7Msq9qojB7yORuJvz49iUy,P.S. I Love You - Remastered,9,Please Please Me (Remastered),1963-03-22,0.389,0.635,0.6559999999999999,0.0012699999999999999,2,0.0828,-8.5,1,0.0291,134.435,4,0.77
263,https://api.spotify.com/v1/tracks/2VmB1rF9FtfKUmFHDVnq8Q,2VmB1rF9FtfKUmFHDVnq8Q,Baby It's You - Remastered,10,Please Please Me (Remastered),1963-03-22,0.778,0.608,0.494,0.0,4,0.0926,-12.210999999999999,0,0.0345,112.421,4,0.879
264,https://api.spotify.com/v1/tracks/7Aobt67JnaF7qN8jCCKvHq,7Aobt67JnaF7qN8jCCKvHq,Do You Want To Know A Secret - Remastered,11,Please Please Me (Remastered),1963-03-22,0.608,0.6729999999999999,0.349,0.0,4,0.38,-12.414000000000001,1,0.0368,124.45100000000001,4,0.609
265,https://api.spotify.com/v1/tracks/7fh53ta3vAOGJMQ4i5tCHe,7fh53ta3vAOGJMQ4i5tCHe,A Taste Of Honey - Remastered,12,Please Please Me (Remastered),1963-03-22,0.698,0.42,0.37200000000000005,0.0,1,0.10400000000000001,-11.415999999999999,0,0.0327,101.40799999999999,3,0.41200000000000003
266,https://api.spotify.com/v1/tracks/4dessGxnKXmTbHPhVgqODq,4dessGxnKXmTbHPhVgqODq,There's A Place - Remastered,13,Please Please Me (Remastered),1963-03-22,0.629,0.455,0.5820000000000001,4.22e-06,4,0.172,-10.009,1,0.0292,140.928,4,0.927
267,https://api.spotify.com/v1/tracks/5ZBeML7Lf3FMEVviTyvi8l,5ZBeML7Lf3FMEVviTyvi8l,Twist And Shout - Remastered,14,Please Please Me (Remastered),1963-03-22,0.6409999999999999,0.48200000000000004,0.8490000000000001,7.74e-06,2,0.0414,-9.198,1,0.0452,124.631,4,0.937
